Barcode,Cluster
AAACCTGAGACGCTTT-1,6
AAACCTGAGGGTATCG-1,6
AAACCTGCACGGTTTA-1,5
AAACCTGCATTGTGCA-1,5
AAACCTGGTCTAGTCA-1,3
AAACCTGGTGATGTGG-1,3
AAACCTGGTTATCACG-1,2
AAACCTGGTTGGTTTG-1,1
AAACCTGTCTATCGCC-1,5
AAACGGGAGTGTCTCA-1,3
AAACGGGCAAAGGCGT-1,3
AAACGGGCAGACGCTC-1,1
AAACGGGCATGCTGGC-1,2
AAACGGGGTTCGAATC-1,7
AAACGGGTCACAGTAC-1,6
AAACGGGTCCTTAATC-1,7
AAACGGGTCGTACGGC-1,3
AAACGGGTCTAACTTC-1,3
AAACGGGTCTATCCCG-1,3
AAAGATGAGAGGTTAT-1,3
AAAGATGAGCAGATCG-1,1
AAAGATGAGCCAGTAG-1,1
AAAGATGAGTCGATAA-1,3
AAAGATGCACCAACCG-1,5
AAAGATGCATAGTAAG-1,3
AAAGATGCATGGGAAC-1,2
AAAGATGCATTCCTCG-1,3
AAAGATGGTAAGGATT-1,1
AAAGATGGTCATCCCT-1,2
AAAGATGTCTTGCATT-1,2
AAAGCAAAGATATGGT-1,3
AAAGCAAAGCGGCTTC-1,2
AAAGCAAAGCTTATCG-1,4
AAAGCAAAGGCGACAT-1,4
AAAGCAAAGGTCGGAT-1,1
AAAGCAACACAGTCGC-1,3
AAAGCAAGTGGCAAAC-1,1
AAAGCAAGTGGGTCAA-1,2
AAAGCAAGTTAAGATG-1,3
AAAGCAAGTTGAGGTG-1,4
AAAGCAATCCAAGCCG-1,2
AAAGTAGAGACCCACC-1,4
AAAGTAGAGCCGGTAA-1,3
AAAGTAGAGCGGATCA-1,4
AAAGTAGCAATACGCT-1,4
AAAGTAGGTCCTAGCG-1,2
AAAGTAGTCCGAGCCA-1,4
AAAGTAGTCGAGAACG-1,3
AAAGTAGTCGGGAGTA-1,2
AAATGCCCATGCCTAA-1,1
AAATGCCGTCGAGTTT-1,3
AAATGCCTCTTGTTTG-1,6
AACACGTAGCCGCCTA-1,5
AACACGTGTTGGTAAA-1,3
AACCATGAGCGTGAAC-1,6
AACCATGCACAGATTC-1,7
AACCATGGTACATCCA-1,1
AACCATGGTCCGTTAA-1,4
AACCATGGTCTTCTCG-1,2
AACCATGGTGCTGTAT-1,1
AACCATGTCACTCCTG-1,1
AACCGCGAGAGAACAG-1,2
AACCGCGAGGGAACGG-1,2
AACCGCGCAAGACGTG-1,1
AACCGCGCAATGGAAT-1,1
AACCGCGCATCTACGA-1,4
AACCGCGGTCTCAACA-1,1
AACCGCGGTTAAAGAC-1,1
AACCGCGTCATAACCG-1,3
AACCGCGTCGGCGGTT-1,1
AACCGCGTCTGCGACG-1,2
AACGTTGAGAATTGTG-1,4
AACGTTGAGCCACGCT-1,2
AACGTTGAGCGTAGTG-1,7
AACGTTGCAACCGCCA-1,3
AACGTTGCAGCCTTGG-1,4
AACGTTGGTCTAGTGT-1,1
AACGTTGTCCAGAAGG-1,1
AACGTTGTCTCTAGGA-1,2
AACTCAGCAATGAAAC-1,2
AACTCAGCACCCAGTG-1,1
AACTCAGCATAAGACA-1,2
AACTCAGGTCTGGAGA-1,4
AACTCAGTCAGAGACG-1,4
AACTCAGTCCGCATAA-1,3
AACTCAGTCCTTGGTC-1,4
AACTCAGTCGAACGGA-1,2
AACTCCCAGTGCTGCC-1,2
AACTCCCGTGTAACGG-1,5
AACTCCCGTTCCCGAG-1,6
AACTCCCTCAAGAAGT-1,7
AACTCCCTCGTTACGA-1,4
AACTCCCTCTAACTCT-1,6
AACTCTTAGCCAGAAC-1,3
AACTCTTAGGAGCGTT-1,2
AACTCTTAGGATGGTC-1,2
AACTCTTCAAGCTGGA-1,3
AACTCTTCACCGCTAG-1,6
AACTCTTCACGTCAGC-1,6
AACTCTTCATGCCTAA-1,3
AACTCTTTCAGAGCTT-1,3
AACTGGTAGAGTAAGG-1,3
AACTGGTAGGGTGTTG-1,2
AACTGGTAGTCATCCA-1,3
AACTGGTCACGAAATA-1,4
AACTGGTCATCAGTCA-1,2
AACTGGTGTCACCCAG-1,2
AACTGGTTCTGTTTGT-1,2
AACTTTCAGAAACGAG-1,6
AACTTTCAGCCCTAAT-1,3
AACTTTCAGTCTTGCA-1,1
AACTTTCAGTGGTAGC-1,6
AACTTTCCAAGCCGTC-1,4
AACTTTCCAATAGAGT-1,1
AACTTTCCAGAGTGTG-1,6
AACTTTCGTGACAAAT-1,3
AACTTTCGTGTTCGAT-1,2
AACTTTCTCAAAGTAG-1,3
AAGACCTCAAAGGTGC-1,5
AAGACCTCACGGCGTT-1,2
AAGACCTCACTATCTT-1,1
AAGACCTGTAGATTAG-1,3
AAGACCTGTCACTTCC-1,3
AAGACCTTCCCTTGCA-1,1
AAGCCGCCACAGAGGT-1,4
AAGCCGCCATGGGAAC-1,1
AAGCCGCGTCGGCATC-1,2
AAGCCGCGTCTCACCT-1,5
AAGCCGCTCACCCTCA-1,3
AAGCCGCTCCGTCATC-1,1
AAGGAGCAGGACATTA-1,4
AAGGAGCAGGCATGGT-1,1
AAGGAGCCAAGTCATC-1,3
AAGGAGCCAATGCCAT-1,5
AAGGAGCCAGATGAGC-1,1
AAGGAGCGTGGTCCGT-1,6
AAGGAGCTCTGAAAGA-1,2
AAGGAGCTCTTCTGGC-1,6
AAGGCAGAGAACAATC-1,3
AAGGCAGAGCTTCGCG-1,1
AAGGCAGAGGGTGTGT-1,1
AAGGCAGAGGTGCTAG-1,1
AAGGCAGCAGAAGCAC-1,1
AAGGCAGCAGCTTAAC-1,6
AAGGCAGGTAGTAGTA-1,4
AAGGCAGGTCGGGTCT-1,1
AAGGCAGGTTGGACCC-1,2
AAGGTTCCACGGTAGA-1,3
AAGGTTCCAGCTGGCT-1,1
AAGGTTCCATAGGATA-1,4
AAGGTTCGTCCGAATT-1,5
AAGGTTCTCCCAACGG-1,5
AAGGTTCTCGGAAACG-1,1
AAGGTTCTCTGGTTCC-1,5
AAGTCTGAGGCGATAC-1,1
AAGTCTGAGTCTCAAC-1,4
AAGTCTGCACAGGTTT-1,1
AAGTCTGCATCCTAGA-1,2
AAGTCTGGTGCTAGCC-1,6
AAGTCTGTCCTGTAGA-1,1
AAGTCTGTCTGGCGAC-1,1
AATCCAGAGCGAAGGG-1,1
AATCCAGAGCGCCTTG-1,4
AATCCAGAGGACAGAA-1,4
AATCCAGAGTACGTTC-1,3
AATCCAGCAGACAAGC-1,2
AATCCAGCAGCATACT-1,3
AATCCAGCATGGAATA-1,1
AATCCAGGTGCCTGCA-1,1
AATCCAGTCAGATAAG-1,2
AATCGGTCATCGATGT-1,1
AATCGGTGTAGGAGTC-1,2
AATCGGTTCTGCGACG-1,2
ACACCAAAGGGAAACA-1,3
ACACCAACAAATTGCC-1,2
ACACCAACAATGAATG-1,5
ACACCAACATAGACTC-1,3
ACACCAACATTGTGCA-1,2
ACACCAAGTCCGAATT-1,2
ACACCAAGTCGCATCG-1,2
ACACCAAGTGCCTGCA-1,6
ACACCAATCACTCCTG-1,1
ACACCAATCCAGTAGT-1,2
ACACCAATCCGTACAA-1,1
ACACCAATCTCTGCTG-1,1
ACACCAATCTGAAAGA-1,5
ACACCCTAGGAGCGAG-1,3
ACACCCTTCACAAACC-1,5
ACACCCTTCAGAAATG-1,3
ACACCCTTCCAAACAC-1,3
ACACCGGAGGGCTCTC-1,5
ACACCGGCACGTCTCT-1,2
ACACCGGGTAAAGTCA-1,7
ACACCGGGTCATATGC-1,2
ACACCGGGTGACTCAT-1,4
ACACCGGTCTTGCATT-1,5
ACACTGAAGATGGCGT-1,3
ACACTGAAGGTGCTTT-1,1
ACACTGACACGGCCAT-1,1
ACACTGACAGTAACGG-1,3
ACACTGAGTGCGAAAC-1,4
ACACTGATCGCGTAGC-1,1
ACAGCCGAGACAGGCT-1,3
ACAGCCGAGCCCAACC-1,3
ACAGCCGAGCGATGAC-1,2
ACAGCCGAGGGATGGG-1,4
ACAGCCGAGTTCGCGC-1,4
ACAGCCGCACATCCAA-1,6
ACAGCCGGTCTCACCT-1,5
ACAGCCGGTTACGGAG-1,4
ACAGCCGGTTCCCGAG-1,4
ACAGCCGTCAACCAAC-1,5
ACAGCCGTCGCCTGTT-1,1
ACAGCTAAGAAACGCC-1,4
ACAGCTAAGCCACGCT-1,2
ACAGCTAAGTACGATA-1,6
ACAGCTAAGTGGGATC-1,2
ACAGCTACAATGACCT-1,1
ACAGCTACAGACAAGC-1,1
ACAGCTAGTAGCGCAA-1,2
ACAGCTATCAGCCTAA-1,6
ACAGCTATCGTTTATC-1,7
ACATACGAGACCTTTG-1,5
ACATACGCAGCCACCA-1,5
ACATACGCAGTTCATG-1,1
ACATACGGTACTCTCC-1,3
ACATACGGTAGGGACT-1,3
ACATACGGTCGAACAG-1,4
ACATACGGTCGGGTCT-1,4
ACATACGTCACAACGT-1,2
ACATACGTCACGCGGT-1,6
ACATACGTCTTCGGTC-1,1
ACATCAGAGCAGACTG-1,5
ACATCAGCAAAGAATC-1,7
ACATCAGCAGATGGGT-1,2
ACATCAGCAGTATGCT-1,3
ACATCAGGTCTTGTCC-1,1
ACATCAGGTTCCAACA-1,3
ACATCAGGTTCTCATT-1,3
ACATCAGGTTGGTAAA-1,3
ACATCAGTCACAATGC-1,3
ACATGGTCAAACTGTC-1,2
ACATGGTCACAACGCC-1,3
ACATGGTCACGAAAGC-1,5
ACATGGTCACGGTGTC-1,3
ACATGGTCACTGCCAG-1,3
ACATGGTGTAAGTAGT-1,1
ACATGGTGTAGAAGGA-1,2
ACATGGTTCACGGTTA-1,3
ACATGGTTCAGAAATG-1,3
ACATGGTTCCAGTAGT-1,2
ACATGGTTCGAACGGA-1,1
ACCAGTAAGACACTAA-1,4
ACCAGTAAGATCACGG-1,1
ACCAGTAAGCTCAACT-1,4
ACCAGTAAGGATATAC-1,3
ACCAGTAGTACTTAGC-1,3
ACCAGTAGTCTCACCT-1,1
ACCAGTAGTGACTACT-1,3
ACCAGTAGTTTCCACC-1,1
ACCAGTATCAGCAACT-1,4
ACCAGTATCCGTACAA-1,1
ACCAGTATCGTTTAGG-1,7
ACCCACTAGCAATATG-1,1
ACCCACTAGCGGATCA-1,1
ACCCACTAGGAGCGTT-1,6
ACCCACTAGTAGGCCA-1,1
ACCCACTAGTCGAGTG-1,6
ACCCACTGTCTAGCCG-1,4
ACCCACTGTCTCTTTA-1,5
ACCCACTTCAACCAAC-1,6
ACCCACTTCATGTCTT-1,5
ACCCACTTCCAGAGGA-1,1
ACCCACTTCCCATTTA-1,2
ACCGTAAAGGACTGGT-1,6
ACCGTAACAATGAATG-1,2
ACCGTAACAGACGCCT-1,6
ACCGTAACAGATAATG-1,3
ACCGTAACAGTAACGG-1,2
ACCGTAACATGAGCGA-1,1
ACCGTAAGTGAGTGAC-1,5
ACCGTAATCGGTCTAA-1,2
ACCGTAATCTTACCGC-1,3
ACCTTTAAGATCTGAA-1,4
ACCTTTAAGGTGCTTT-1,2
ACCTTTACAACTGCTA-1,4
ACCTTTACACCCAGTG-1,1
ACCTTTACAGATGAGC-1,1
ACCTTTACATTTGCCC-1,3
ACCTTTAGTAACGCGA-1,2
ACCTTTAGTCTGATCA-1,4
ACCTTTAGTTAAAGTG-1,3
ACCTTTATCTAACGGT-1,2
ACGAGCCCAACCGCCA-1,4
ACGAGCCCATGCAATC-1,2
ACGAGCCTCAAGATCC-1,3
ACGAGCCTCCAATGGT-1,1
ACGAGCCTCGTAGGTT-1,4
ACGAGCCTCTGATACG-1,2
ACGAGCCTCTGGCGAC-1,4
ACGAGGAAGGCTACGA-1,4
ACGAGGAAGTCATCCA-1,4
ACGAGGAGTGCCTTGG-1,6
ACGAGGAGTTGCCTCT-1,4
ACGAGGAGTTGTGGCC-1,3
ACGAGGATCACTATTC-1,6
ACGAGGATCTTAACCT-1,1
ACGATACAGAAACGAG-1,4
ACGATACAGAGCTTCT-1,1
ACGATACCAAAGGAAG-1,3
ACGATACCAGGGTATG-1,2
ACGATACCATCGGTTA-1,1
ACGATACGTATAGGTA-1,3
ACGATACTCGATGAGG-1,5
ACGATGTAGAAGGACA-1,1
ACGATGTCAATAACGA-1,4
ACGATGTCAATCAGAA-1,3
ACGATGTCACATTTCT-1,1
ACGATGTCAGATGGGT-1,3
ACGATGTCAGTACACT-1,3
ACGATGTCAGTCCTTC-1,2
ACGATGTGTAAAGTCA-1,1
ACGATGTGTATGAAAC-1,4
ACGATGTTCACGCGGT-1,2
ACGATGTTCCCTCAGT-1,3
ACGATGTTCTATGTGG-1,1
ACGCAGCAGGTGCTTT-1,4
ACGCAGCCACATTAGC-1,2
ACGCAGCCACGCATCG-1,7
ACGCAGCCATTGGGCC-1,3
ACGCAGCGTAATAGCA-1,1
ACGCAGCTCTACCAGA-1,2
ACGCCAGAGGCATTGG-1,4
ACGCCAGCATAAGACA-1,3
ACGCCAGGTCTCTTAT-1,2
ACGCCAGGTGAACCTT-1,1
ACGCCAGTCACCGTAA-1,1
ACGCCAGTCCGCGGTA-1,4
ACGCCAGTCCGTTGCT-1,5
ACGCCGACAACGCACC-1,5
ACGCCGACAAGCTGGA-1,4
ACGCCGAGTCTGCGGT-1,2
ACGCCGATCATCTGCC-1,4
ACGCCGATCATGTAGC-1,6
ACGCCGATCCAAGTAC-1,4
ACGCCGATCGTCCGTT-1,1
ACGGAGAAGCATCATC-1,2
ACGGAGAAGCTCCTCT-1,4
ACGGAGAAGGGTGTTG-1,3
ACGGAGAAGGTAGCTG-1,2
ACGGAGAAGGTGGGTT-1,4
ACGGAGACAGCTCGCA-1,2
ACGGAGACAGTTTACG-1,1
ACGGAGAGTGACGCCT-1,6
ACGGAGATCAAGCCTA-1,5
ACGGAGATCCTTGGTC-1,5
ACGGAGATCGAGAACG-1,1
ACGGCCAAGCCTTGAT-1,1
ACGGCCAAGCTAGTTC-1,1
ACGGCCAAGGACAGCT-1,1
ACGGCCAAGGAGCGAG-1,2
ACGGCCACATTTGCCC-1,1
ACGGCCAGTTGTGGAG-1,4
ACGGCCATCCAAGCCG-1,1
ACGGCCATCTAACCGA-1,4
ACGGCCATCTGGTGTA-1,5
ACGGCCATCTTTACAC-1,3
ACGGGCTAGAGCAATT-1,4
ACGGGCTAGCATCATC-1,5
ACGGGCTAGCGTTCCG-1,1
ACGGGCTAGCTAGTCT-1,5
ACGGGCTAGGCATTGG-1,2
ACGGGCTAGGGATCTG-1,1
ACGGGCTCAGTAGAGC-1,3
ACGGGCTCATCACCCT-1,5
ACGGGCTTCCTAGTGA-1,1
ACGGGCTTCTAGAGTC-1,5
ACGGGCTTCTATCGCC-1,1
ACGGGCTTCTTGAGGT-1,1
ACGGGTCCACAGGCCT-1,2
ACGGGTCCACAGTCGC-1,2
ACGGGTCCACTATCTT-1,1
ACGGGTCGTCCTGCTT-1,1
ACGGGTCGTGTAATGA-1,1
ACGGGTCTCAATCACG-1,1
ACGTCAAAGGCTAGAC-1,1
ACGTCAAGTCTCCACT-1,4
ACGTCAATCGGTTCGG-1,3
ACTATCTAGTGTGGCA-1,1
ACTATCTCAATCACAC-1,6
ACTATCTCATTCCTGC-1,1
ACTATCTGTAGATTAG-1,6
ACTATCTGTAGGAGTC-1,4
ACTATCTGTGAACCTT-1,2
ACTATCTTCAACGGCC-1,3
ACTATCTTCCCTCAGT-1,2
ACTATCTTCTGCAGTA-1,4
ACTGAACAGCTAGCCC-1,4
ACTGAACAGCTAGTGG-1,1
ACTGAACCAACACCTA-1,2
ACTGAACCAACTTGAC-1,2
ACTGAACCAAGTACCT-1,7
ACTGAACCAATCACAC-1,7
ACTGAACCATGAACCT-1,3
ACTGAACTCAGCTCTC-1,1
ACTGAACTCATGCAAC-1,1
ACTGAACTCTAACTCT-1,5
ACTGAACTCTCATTCA-1,6
ACTGAGTAGCCCAACC-1,2
ACTGAGTAGTCATCCA-1,3
ACTGAGTCAATGACCT-1,3
ACTGAGTCAGATCGGA-1,3
ACTGAGTCAGGCTGAA-1,1
ACTGAGTGTAAGGGCT-1,3
ACTGAGTTCCCATTTA-1,7
ACTGAGTTCCTTGCCA-1,3
ACTGATGCAAAGGAAG-1,3
ACTGATGCAAATCCGT-1,1
ACTGATGCAGATTGCT-1,6
ACTGATGCAGCTGGCT-1,1
ACTGCTCAGAAGGGTA-1,4
ACTGCTCAGCCCAGCT-1,2
ACTGCTCAGCTGAAAT-1,5
ACTGCTCAGTCGAGTG-1,3
ACTGCTCCATCCAACA-1,2
ACTGCTCTCGGAAATA-1,3
ACTGTCCAGAAACCAT-1,7
ACTGTCCAGCAACGGT-1,1
ACTGTCCAGGTGTTAA-1,1
ACTGTCCAGTTGAGTA-1,3
ACTGTCCCAACGCACC-1,1
ACTGTCCCACACCGAC-1,1
ACTGTCCCATCGACGC-1,3
ACTGTCCGTCGGGTCT-1,5
ACTGTCCTCTCGAGTA-1,1
ACTGTCCTCTTTAGTC-1,3
ACTTACTCAGCCAATT-1,3
ACTTACTGTGCTGTAT-1,5
ACTTACTTCCGTAGGC-1,1
ACTTACTTCGAGGTAG-1,3
ACTTACTTCTTACCTA-1,5
ACTTGTTAGACGACGT-1,6
ACTTGTTAGGTCGGAT-1,1
ACTTGTTCAATAGAGT-1,3
ACTTGTTCAGCCTGTG-1,3
ACTTGTTGTCATCCCT-1,3
ACTTGTTGTGAAGGCT-1,4
ACTTGTTTCCCTTGTG-1,1
ACTTTCAAGATCCTGT-1,3
ACTTTCAAGCTACCTA-1,3
ACTTTCAAGCTGTCTA-1,3
ACTTTCAAGGAGTCTG-1,1
ACTTTCAAGTGTACCT-1,1
ACTTTCACACGGACAA-1,5
ACTTTCACACGGCGTT-1,3
AGAATAGAGCGTAATA-1,4
AGAATAGCAAACTGTC-1,1
AGAATAGGTTTGGCGC-1,2
AGACGTTCATGCCCGA-1,6
AGACGTTGTAAGAGAG-1,2
AGACGTTGTCCGAATT-1,3
AGACGTTGTCTGGTCG-1,4
AGACGTTGTTGCGCAC-1,1
AGACGTTTCAGAGACG-1,3
AGACGTTTCATTGCGA-1,6
AGACGTTTCCATTCTA-1,2
AGACGTTTCCCAAGAT-1,3
AGAGCGAAGTGAATTG-1,4
AGAGCGACACAGTCGC-1,3
AGAGCGACACGTGAGA-1,3
AGAGCGAGTGCAGTAG-1,4
AGAGCGAGTGGTCTCG-1,2
AGAGCGAGTTAAGACA-1,1
AGAGCGATCGTCTGCT-1,5
AGAGCTTAGACACGAC-1,2
AGAGCTTAGCCTATGT-1,3
AGAGCTTAGGATGCGT-1,3
AGAGCTTCACATTAGC-1,7
AGAGCTTCACCGAATT-1,7
AGAGCTTTCAGTTCGA-1,2
AGAGTGGAGAATGTGT-1,4
AGAGTGGAGGCTATCT-1,1
AGAGTGGAGGGAGTAA-1,1
AGAGTGGCACGAAATA-1,3
AGAGTGGGTATTCGTG-1,1
AGAGTGGTCGTACCGG-1,1
AGATCTGAGCTCAACT-1,1
AGATCTGAGTGTGGCA-1,2
AGATCTGCACTTACGA-1,3
AGATCTGGTAAGTGGC-1,3
AGATCTGGTGCCTTGG-1,1
AGATCTGTCTGAGGGA-1,6
AGATTGCAGACAATAC-1,2
AGATTGCAGGCGCTCT-1,6
AGATTGCCAAGCGATG-1,3
AGATTGCCACAAGACG-1,1
AGATTGCCATCTGGTA-1,1
AGATTGCGTGCTCTTC-1,1
AGATTGCGTTAAGACA-1,2
AGATTGCTCAAGCCTA-1,1
AGATTGCTCACTGGGC-1,4
AGATTGCTCCAATGGT-1,2
AGATTGCTCGAACTGT-1,5
AGATTGCTCGGAAACG-1,1
AGCAGCCAGGATGGAA-1,5
AGCAGCCCAGTCTTCC-1,6
AGCAGCCCAGTTCATG-1,4
AGCAGCCGTACCATCA-1,4
AGCAGCCGTCCGTGAC-1,3
AGCAGCCGTGCTTCTC-1,3
AGCAGCCGTGGCTCCA-1,1
AGCAGCCGTTGGTTTG-1,3
AGCAGCCTCACAGTAC-1,1
AGCAGCCTCACGACTA-1,2
AGCAGCCTCATCGCTC-1,1
AGCAGCCTCGAATGCT-1,2
AGCATACAGTGCTGCC-1,1
AGCATACAGTGTACCT-1,4
AGCATACCAGACGCAA-1,4
AGCATACCATTACCTT-1,2
AGCATACGTATCGCAT-1,1
AGCATACGTCCAGTAT-1,3
AGCATACGTGAAGGCT-1,2
AGCATACGTGCCTGCA-1,3
AGCATACGTTTAGGAA-1,3
AGCATACTCATGTGGT-1,4
AGCATACTCCAAGCCG-1,2
AGCATACTCGATCCCT-1,1
AGCCTAAAGACAGAGA-1,2
AGCCTAAAGACTAAGT-1,4
AGCCTAAAGCAGCCTC-1,6
AGCCTAAAGTGTACTC-1,6
AGCCTAAAGTTCGATC-1,1
AGCCTAACACGCCAGT-1,3
AGCCTAACAGCTTAAC-1,3
AGCCTAACATAGTAAG-1,3
AGCCTAACATGAAGTA-1,1
AGCCTAAGTAGCGATG-1,1
AGCCTAAGTCGGCTCA-1,2
AGCCTAATCAAGGTAA-1,2
AGCCTAATCACTCCTG-1,3
AGCCTAATCAGTGCAT-1,1
AGCCTAATCTACTCAT-1,3
AGCGGTCAGCGACGTA-1,3
AGCGGTCAGCGTCTAT-1,7
AGCGGTCAGGTAAACT-1,1
AGCGGTCAGTCTCAAC-1,1
AGCGGTCAGTTACGGG-1,1
AGCGGTCCAAGTAGTA-1,2
AGCGGTCCAGACGTAG-1,2
AGCGGTCCAGCTGTAT-1,3
AGCGGTCCATGGGACA-1,3
AGCGGTCTCCGTAGTA-1,2
AGCGGTCTCCTTGGTC-1,1
AGCGGTCTCGTCTGAA-1,1
AGCGGTCTCTGTCCGT-1,6
AGCGTATCAACAACCT-1,2
AGCGTATCAACTGCGC-1,3
AGCGTATCATTACGAC-1,3
AGCGTATGTAGCGTAG-1,1
AGCGTATGTGTTGAGG-1,5
AGCGTATTCAGATAAG-1,2
AGCGTATTCGAACGGA-1,1
AGCGTCGAGCGTTCCG-1,1
AGCGTCGCAGTAACGG-1,1
AGCGTCGGTTCAGCGC-1,5
AGCTCCTAGAGAACAG-1,2
AGCTCCTAGCGTAATA-1,5
AGCTCCTAGTGTGAAT-1,1
AGCTCCTCAAGTTAAG-1,2
AGCTCCTCACCAGCAC-1,1
AGCTCCTCACCGAAAG-1,1
AGCTCCTCAGAGCCAA-1,3
AGCTCCTCAGGGAGAG-1,3
AGCTCCTGTCGTCTTC-1,3
AGCTCCTGTGTTCTTT-1,4
AGCTCCTGTTCCCGAG-1,5
AGCTCCTTCTTATCTG-1,3
AGCTCTCAGAGTAAGG-1,2
AGCTCTCAGCTACCTA-1,4
AGCTCTCAGGATTCGG-1,4
AGCTCTCCAAATACAG-1,5
AGCTCTCCAGCTCGCA-1,1
AGCTCTCCAGTATCTG-1,3
AGCTCTCGTTAAGATG-1,4
AGCTCTCGTTGTGGAG-1,2
AGCTCTCGTTTGTGTG-1,3
AGCTCTCTCTCGGACG-1,1
AGCTTGAAGCAATATG-1,3
AGCTTGAAGCACCGTC-1,3
AGCTTGACACACCGAC-1,4
AGCTTGACACCTTGTC-1,2
AGCTTGACACGAGAGT-1,4
AGCTTGACAGAGCCAA-1,2
AGCTTGACAGCCTGTG-1,1
AGCTTGAGTAACGCGA-1,1
AGCTTGAGTCAATGTC-1,1
AGCTTGAGTCCGAGTC-1,1
AGCTTGAGTGCGAAAC-1,3
AGCTTGATCATCTGCC-1,1
AGCTTGATCGAGCCCA-1,1
AGCTTGATCGTTTATC-1,2
AGGCCACAGAAAGTGG-1,7
AGGCCACCACCTCGGA-1,2
AGGCCACGTCAGCTAT-1,2
AGGCCACGTCGCATAT-1,1
AGGCCACTCACTGGGC-1,2
AGGCCACTCGCATGAT-1,4
AGGCCGTAGCGTCTAT-1,1
AGGCCGTAGTGCTGCC-1,1
AGGCCGTCACGAAATA-1,4
AGGCCGTCAGTAACGG-1,1
AGGCCGTGTCTTGCGG-1,5
AGGCCGTTCCGCGTTT-1,1
AGGGAGTAGAGCTATA-1,2
AGGGAGTAGGAGTTGC-1,6
AGGGAGTAGTCCTCCT-1,2
AGGGAGTAGTTAGCGG-1,1
AGGGAGTCAGAGTGTG-1,2
AGGGAGTCATAAAGGT-1,4
AGGGAGTCATACAGCT-1,5
AGGGAGTGTTTGACAC-1,7
AGGGAGTTCGAACTGT-1,2
AGGGATGAGCCCAACC-1,1
AGGGATGCACGGCCAT-1,3
AGGGATGCAGTCGTGC-1,3
AGGGATGCAGTGGGAT-1,3
AGGGATGCATAGACTC-1,1
AGGGATGCATTAGCCA-1,5
AGGGATGGTAGCACGA-1,3
AGGGATGGTTAAGACA-1,2
AGGGATGGTTTGCATG-1,4
AGGGATGTCCTCTAGC-1,1
AGGGATGTCTGTCTCG-1,3
AGGGTGAAGCTAAGAT-1,1
AGGGTGACAAATTGCC-1,5
AGGGTGACACGGATAG-1,3
AGGGTGACATGCCTAA-1,3
AGGGTGAGTGCACGAA-1,1
AGGGTGAGTTTGTTTC-1,1
AGGGTGATCGCTAGCG-1,4
AGGTCATAGTAGCCGA-1,1
AGGTCATAGTGGAGTC-1,4
AGGTCATAGTTCGATC-1,6
AGGTCATCAACGATCT-1,1
AGGTCATCAGACGTAG-1,3
AGGTCATCAGCCTTGG-1,4
AGGTCATGTAGAGTGC-1,2
AGGTCATGTGACGGTA-1,4
AGGTCCGAGCAGACTG-1,4
AGGTCCGAGCCTATGT-1,3
AGGTCCGAGGGCTTGA-1,1
AGGTCCGCAAGCCGCT-1,3
AGGTCCGCAGTGAGTG-1,6
AGGTCCGCAGTGGAGT-1,3
AGGTCCGCATTGGCGC-1,5
AGGTCCGGTTCAGGCC-1,7
AGGTCCGTCATGCAAC-1,3
AGGTCCGTCCTCGCAT-1,1
AGGTCCGTCGTAGGAG-1,2
AGGTCCGTCTCCTATA-1,2
AGTAGTCAGGTCGGAT-1,2
AGTAGTCAGTCTTGCA-1,3
AGTAGTCCAACGATGG-1,1
AGTAGTCCACAGACAG-1,1
AGTAGTCCACGAGGTA-1,5
AGTAGTCGTAGGCATG-1,3
AGTAGTCTCTGCCAGG-1,3
AGTCTTTAGCGTGAAC-1,1
AGTCTTTAGTGGGCTA-1,2
AGTCTTTCACGCATCG-1,2
AGTCTTTCAGACAAGC-1,3
AGTCTTTCATCGACGC-1,2
AGTCTTTGTCGTGGCT-1,1
AGTCTTTGTGGTACAG-1,2
AGTCTTTTCGGAGGTA-1,5
AGTGAGGAGGCGACAT-1,2
AGTGAGGTCAGCACAT-1,4
AGTGAGGTCATCGCTC-1,3
AGTGAGGTCCAGTATG-1,1
AGTGGGAAGATGCCTT-1,1
AGTGGGAAGCCAGAAC-1,6
AGTGGGAAGCTGAAAT-1,6
AGTGGGACAAGGGTCA-1,1
AGTGGGACATAAGACA-1,5
AGTGGGAGTCCTAGCG-1,3
AGTGGGAGTCTAGGTT-1,3
AGTGGGAGTTACCAGT-1,4
AGTGGGATCACAACGT-1,4
AGTGGGATCCTTAATC-1,4
AGTGGGATCGAACTGT-1,7
AGTGTCAAGAATGTGT-1,3
AGTGTCAAGACCCACC-1,3
AGTGTCAAGGCATGGT-1,2
AGTGTCACAGACGCCT-1,1
AGTGTCACATTGGGCC-1,1
AGTGTCAGTTACCAGT-1,2
AGTGTCATCTGAGGGA-1,2
AGTGTCATCTGTCTAT-1,3
AGTGTCATCTTGCATT-1,4
AGTTGGTAGCGTTCCG-1,1
AGTTGGTAGGCCCTCA-1,3
AGTTGGTCACAGCCCA-1,2
AGTTGGTCAGCTGGCT-1,2
AGTTGGTCATTTGCTT-1,3
AGTTGGTGTAAAGTCA-1,3
AGTTGGTGTGATGTCT-1,4
AGTTGGTTCGGAGGTA-1,4
ATAACGCAGCGTAATA-1,2
ATAACGCAGTGTGGCA-1,3
ATAACGCCATTCTCAT-1,3
ATAACGCGTAATCACC-1,1
ATAAGAGAGCTGCGAA-1,1
ATAAGAGCACTTCGAA-1,1
ATAAGAGCATAGTAAG-1,6
ATAAGAGGTAACGACG-1,1
ATAAGAGGTACATGTC-1,1
ATAAGAGGTCCCTACT-1,2
ATAAGAGGTCTCGTTC-1,1
ATAAGAGTCATTGCGA-1,1
ATAAGAGTCGGCGGTT-1,2
ATAAGAGTCGTCTGAA-1,2
ATAAGAGTCTTGAGAC-1,1
ATAGACCAGCCTCGTG-1,1
ATAGACCAGCGCCTTG-1,1
ATAGACCAGCTCCCAG-1,2
ATAGACCTCGACGGAA-1,1
ATCACGAAGGCTACGA-1,1
ATCACGAAGGCTAGCA-1,1
ATCACGAAGTCGTACT-1,4
ATCACGAGTTGTGGCC-1,1
ATCACGATCTAACTTC-1,1
ATCACGATCTTGCCGT-1,4
ATCATCTAGGGTCGAT-1,6
ATCATCTCAGCCACCA-1,3
ATCATCTCATATGAGA-1,4
ATCATCTGTACAGACG-1,4
ATCATCTGTCTCCACT-1,6
ATCATCTGTGATGTCT-1,2
ATCATCTGTTACGCGC-1,1
ATCATGGAGACCCACC-1,1
ATCATGGAGTTACCCA-1,2
ATCATGGCAAGCGTAG-1,4
ATCATGGGTCATGCCG-1,3
ATCATGGGTCCGACGT-1,3
ATCATGGGTTGATTGC-1,2
ATCATGGTCCTTCAAT-1,4
ATCATGGTCGCAAGCC-1,2
ATCATGGTCTTCAACT-1,4
ATCCACCAGCGGCTTC-1,3
ATCCACCCAACTTGAC-1,4
ATCCACCCAGGAACGT-1,5
ATCCACCGTGTCTGAT-1,1
ATCCACCTCACAGGCC-1,2
ATCCACCTCTGGCGTG-1,1
ATCCGAATCGTGGACC-1,1
ATCCGAATCTGGTATG-1,1
ATCGAGTAGCGTGAAC-1,3
ATCGAGTCAAGAAGAG-1,1
ATCGAGTGTACCGGCT-1,6
ATCGAGTGTTGCGTTA-1,4
ATCGAGTTCCAGTAGT-1,2
ATCGAGTTCCGCAGTG-1,1
ATCGAGTTCCGTAGTA-1,3
ATCGAGTTCTCGTATT-1,5
ATCTACTAGAATTCCC-1,3
ATCTACTAGCCCAATT-1,1
ATCTACTAGCTAAACA-1,4
ATCTACTAGGTGGGTT-1,3
ATCTACTGTAGCCTAT-1,1
ATCTACTTCATCATTC-1,3
ATCTGCCAGACCACGA-1,1
ATCTGCCAGACTACAA-1,1
ATCTGCCAGCAAATCA-1,5
ATCTGCCAGCACCGCT-1,1
ATCTGCCAGGAGTTGC-1,1
ATCTGCCAGTGGACGT-1,5
ATCTGCCCAAACAACA-1,3
ATCTGCCTCCAAGCCG-1,2
ATCTGCCTCTAACGGT-1,4
ATCTGCCTCTCAAGTG-1,1
ATCTGCCTCTCTTATG-1,1
ATCTGCCTCTTCCTTC-1,1
ATGAGGGAGAAAGTGG-1,2
ATGAGGGAGATGGGTC-1,5
ATGAGGGAGATGTTAG-1,5
ATGAGGGCATAGAAAC-1,1
ATGAGGGCATATGAGA-1,6
ATGAGGGGTATATGAG-1,1
ATGAGGGGTTGGACCC-1,3
ATGAGGGTCGACCAGC-1,1
ATGAGGGTCTAACTCT-1,2
ATGCGATAGTATTGGA-1,7
ATGCGATAGTGACATA-1,1
ATGCGATCAAGAAAGG-1,3
ATGCGATCAATGTTGC-1,3
ATGCGATCACTACAGT-1,1
ATGCGATGTATAGGTA-1,1
ATGCGATGTGATAAGT-1,4
ATGGGAGAGAGCTTCT-1,1
ATGGGAGAGAGGTAGA-1,1
ATGGGAGAGATGTTAG-1,3
ATGGGAGAGCCGTCGT-1,1
ATGGGAGCACGGATAG-1,2
ATGGGAGCATGTAGTC-1,1
ATGGGAGGTGATAAAC-1,3
ATGGGAGTCACCTCGT-1,2
ATGGGAGTCGCAAACT-1,2
ATGTGTGAGAAACGCC-1,5
ATGTGTGAGACACTAA-1,1
ATGTGTGAGGCTATCT-1,2
ATGTGTGAGTTTGCGT-1,6
ATGTGTGGTACCTACA-1,1
ATGTGTGGTATAGGGC-1,1
ATGTGTGGTCAGATAA-1,4
ATGTGTGGTTTAAGCC-1,1
ATGTGTGTCAGCATGT-1,4
ATGTGTGTCAGTTGAC-1,6
ATGTGTGTCTGGAGCC-1,2
ATTACTCAGAGGACGG-1,4
ATTACTCAGTACGTAA-1,2
ATTACTCAGTCTCCTC-1,3
ATTACTCCACTTAAGC-1,3
ATTACTCCATTACCTT-1,2
ATTACTCGTAAGTTCC-1,1
ATTACTCGTAGTAGTA-1,1
ATTACTCTCCACGACG-1,2
ATTATCCAGCGATAGC-1,5
ATTATCCCACGAGAGT-1,1
ATTATCCCATAGACTC-1,3
ATTATCCCATTACGAC-1,5
ATTATCCGTCGAATCT-1,5
ATTATCCTCTTTACAC-1,3
ATTCTACAGAAGGTGA-1,2
ATTCTACAGACTACAA-1,2
ATTCTACAGTTCGCAT-1,5
ATTCTACGTTGGACCC-1,1
ATTCTACTCATTATCC-1,2
ATTCTACTCCAACCAA-1,2
ATTGGACAGAAGGGTA-1,4
ATTGGACAGTCGTACT-1,5
ATTGGACCACAGAGGT-1,2
ATTGGACCAGTGGAGT-1,4
ATTGGACGTGACTCAT-1,2
ATTGGACGTTCGCGAC-1,1
ATTGGACTCGCATGAT-1,5
ATTGGACTCGCCCTTA-1,2
ATTGGACTCTTGAGGT-1,4
ATTGGTGAGAAGGTTT-1,2
ATTGGTGAGCGTTCCG-1,2
ATTGGTGCAAGTTCTG-1,2
ATTGGTGCAATGCCAT-1,6
ATTGGTGCAGACAGGT-1,2
ATTGGTGGTCATATGC-1,5
ATTGGTGTCACATACG-1,2
ATTGGTGTCGTTGCCT-1,4
ATTTCTGAGAAACCTA-1,6
ATTTCTGAGTACATGA-1,2
ATTTCTGCAAGAAAGG-1,4
ATTTCTGCAAGTTGTC-1,4
ATTTCTGCAGCTGGCT-1,2
ATTTCTGGTAAATACG-1,6
ATTTCTGGTAAGAGGA-1,5
ATTTCTGGTCTAGAGG-1,1
ATTTCTGGTTAAAGAC-1,2
ATTTCTGTCAATCACG-1,2
ATTTCTGTCATCATTC-1,3
CAACCAAAGGAGCGAG-1,3
CAACCAAAGGGATGGG-1,3
CAACCAAGTACATGTC-1,1
CAACCAAGTTTCGCTC-1,1
CAACCAATCACAAACC-1,7
CAACCAATCCACGTGG-1,1
CAACCAATCGCGTTTC-1,5
CAACCAATCGGTCCGA-1,1
CAACCTCAGAGTGAGA-1,2
CAACCTCAGATCCTGT-1,6
CAACCTCAGCCAACAG-1,4
CAACCTCAGCGGCTTC-1,3
CAACCTCAGCTAGCCC-1,5
CAACCTCCAGCCTTGG-1,4
CAACCTCCATCCCACT-1,2
CAACCTCGTGTGAAAT-1,6
CAACCTCTCACTATTC-1,3
CAACCTCTCTCAACTT-1,3
CAACCTCTCTGCCCTA-1,2
CAACTAGAGAGTAATC-1,4
CAACTAGAGATAGCAT-1,4
CAACTAGAGTAGGTGC-1,1
CAACTAGGTTCGCGAC-1,3
CAACTAGTCATTGCCC-1,1
CAACTAGTCGGCGCTA-1,3
CAAGAAAAGCGTTCCG-1,1
CAAGAAAAGCTCAACT-1,1
CAAGAAACAATCACAC-1,6
CAAGAAACATCCAACA-1,1
CAAGAAACATGGATGG-1,1
CAAGAAAGTACCGGCT-1,3
CAAGAAAGTCATACTG-1,1
CAAGAAAGTGCATCTA-1,1
CAAGAAATCCGAATGT-1,5
CAAGAAATCTAACCGA-1,2
CAAGATCGTGTTGAGG-1,1
CAAGATCTCTCAAACG-1,3
CAAGGCCCAATGGAGC-1,3
CAAGGCCTCACCATAG-1,1
CAAGGCCTCATGCATG-1,6
CAAGGCCTCGGTCCGA-1,2
CAAGGCCTCTCATTCA-1,4
CAAGTTGAGGCCCGTT-1,3
CAAGTTGCAGTCGATT-1,1
CAAGTTGGTAACGACG-1,1
CAAGTTGGTTCCCTTG-1,1
CAAGTTGGTTGCGTTA-1,2
CAAGTTGTCAGTGCAT-1,5
CAAGTTGTCGTACGGC-1,2
CAAGTTGTCGTCGTTC-1,1
CACAAACAGCGAAGGG-1,3
CACAAACCACAACTGT-1,1
CACAAACCAGGCGATA-1,2
CACAAACCATATGAGA-1,1
CACAAACCATGCCACG-1,2
CACAAACGTGCGCTTG-1,1
CACAAACTCTCGCTTG-1,3
CACACAAAGTCAATAG-1,1
CACACAAAGTCCCACG-1,2
CACACAACAATGTAAG-1,5
CACACAACAGATTGCT-1,1
CACACAAGTCAATGTC-1,1
CACACAATCCAAGCCG-1,2
CACACAATCTGTCTCG-1,7
CACACCTAGTGACTCT-1,1
CACACCTCATGCCTTC-1,5
CACACCTGTAGCACGA-1,6
CACACCTGTCTCAACA-1,2
CACACCTGTCTTTCAT-1,4
CACACCTGTGGTTTCA-1,5
CACACCTTCATTTGGG-1,3
CACACCTTCTTTACAC-1,3
CACACTCAGAAAGTGG-1,6
CACACTCGTACCGTAT-1,3
CACACTCGTCTCACCT-1,5
CACACTCTCATTTGGG-1,6
CACACTCTCGAGGTAG-1,1
CACAGGCAGCCACGTC-1,2
CACAGGCAGTTTCCTT-1,2
CACAGGCCAATGCCAT-1,3
CACAGGCCAGCTGTTA-1,3
CACAGGCGTCCGCTGA-1,2
CACAGGCGTTGCCTCT-1,2
CACAGGCTCACGGTTA-1,1
CACAGGCTCGAATCCA-1,1
CACAGGCTCGAGAGCA-1,2
CACAGGCTCTACTATC-1,1
CACAGTAAGTGCGTGA-1,3
CACAGTACACCTTGTC-1,2
CACAGTACATGCCTAA-1,6
CACAGTAGTGTGAAAT-1,2
CACAGTATCAGCTCGG-1,1
CACAGTATCTTGTTTG-1,3
CACATAGAGAAACGAG-1,1
CACATAGAGCTGAAAT-1,2
CACATAGAGTCCGGTC-1,2
CACATAGCAACTTGAC-1,3
CACATAGCACTTACGA-1,2
CACATAGCAGCTCCGA-1,7
CACATAGCAGGGATTG-1,3
CACATAGCAGTACACT-1,1
CACATAGGTCTGATCA-1,4
CACATAGGTTCAGGCC-1,1
CACATAGGTTTGTGTG-1,1
CACATAGTCTATCCCG-1,1
CACATTTAGGGCACTA-1,1
CACATTTAGTTTCCTT-1,2
CACATTTGTTAAGTAG-1,4
CACATTTTCCCATTTA-1,6
CACATTTTCCGCATCT-1,6
CACATTTTCCTGCCAT-1,6
CACCACTAGCCCGAAA-1,2
CACCACTAGGCGACAT-1,1
CACCACTAGGGCACTA-1,3
CACCACTCACAACGTT-1,2
CACCACTTCAGCATGT-1,3
CACCACTTCGGACAAG-1,1
CACCACTTCGGATGGA-1,3
CACCACTTCGTAGATC-1,1
CACCACTTCGTGGTCG-1,5
CACCAGGAGGGCTCTC-1,3
CACCAGGCAATCGGTT-1,2
CACCAGGCACCACCAG-1,2
CACCAGGCACGTTGGC-1,3
CACCAGGCATCCCACT-1,2
CACCAGGTCAAACAAG-1,2
CACCAGGTCAACACAC-1,2
CACCAGGTCCAAACAC-1,1
CACCAGGTCGTTACAG-1,6
CACCAGGTCTATGTGG-1,6
CACCTTGAGTACGACG-1,4
CACCTTGAGTCAAGGC-1,1
CACCTTGAGTTGAGAT-1,7
CACCTTGCACGGACAA-1,3
CACCTTGCACGGATAG-1,2
CACCTTGGTAAATGTG-1,4
CACCTTGGTCCAAGTT-1,5
CACCTTGGTGCGGTAA-1,1
CACCTTGGTTCCACGG-1,6
CACCTTGTCAGGCCCA-1,3
CACCTTGTCGGAGGTA-1,2
CACTCCAAGAGAGCTC-1,1
CACTCCAAGGCCGAAT-1,3
CACTCCAAGTTTAGGA-1,7
CACTCCACACTCAGGC-1,5
CACTCCAGTAGATTAG-1,1
CACTCCAGTTGGGACA-1,3
CAGAATCAGACAGGCT-1,5
CAGAATCAGACTAAGT-1,1
CAGAATCAGCCAACAG-1,6
CAGAATCCAAGTAGTA-1,2
CAGAATCCAGTACACT-1,3
CAGAATCGTACTCGCG-1,6
CAGAATCTCAAAGTAG-1,3
CAGAATCTCCCATTTA-1,6
CAGAATCTCCCGGATG-1,1
CAGAATCTCGCCGTGA-1,2
CAGAATCTCTATCCTA-1,3
CAGAATCTCTGCCCTA-1,5
CAGAGAGCACATCTTT-1,5
CAGAGAGCAGCCTATA-1,2
CAGAGAGCAGCCTTTC-1,3
CAGAGAGCAGGCTGAA-1,2
CAGAGAGGTGCGGTAA-1,2
CAGAGAGTCGACGGAA-1,1
CAGAGAGTCTCCAACC-1,1
CAGATCAAGGATGCGT-1,3
CAGATCAAGTTTAGGA-1,1
CAGATCACAAGAGTCG-1,3
CAGATCACACTGTGTA-1,1
CAGATCAGTCAATGTC-1,1
CAGATCAGTTACAGAA-1,2
CAGATCAGTTGATTCG-1,5
CAGATCATCTAACTTC-1,2
CAGATCATCTGATACG-1,4
CAGCAGCCAATGAATG-1,2
CAGCAGCCAGTAACGG-1,2
CAGCAGCCATCGGACC-1,1
CAGCAGCGTACCGTAT-1,1
CAGCAGCGTGACAAAT-1,2
CAGCAGCGTTATGTGC-1,2
CAGCAGCTCCATTCTA-1,1
CAGCATATCAGCGACC-1,1
CAGCATATCGCCATAA-1,1
CAGCATATCGGCTACG-1,1
CAGCCGAAGTTACCCA-1,1
CAGCCGACACGGTTTA-1,2
CAGCCGACAGACGCTC-1,2
CAGCCGACAGCTCCGA-1,5
CAGCCGAGTCAATGTC-1,3
CAGCCGATCCCTCTTT-1,3
CAGCGACAGCGAAGGG-1,1
CAGCGACCAGCCAATT-1,1
CAGCGACTCTGCGTAA-1,5
CAGCTAAAGCACCGCT-1,1
CAGCTAACAAGCCGTC-1,3
CAGCTAACATGCCTAA-1,4
CAGCTAACATGGTTGT-1,3
CAGCTAAGTTACGCGC-1,4
CAGCTAAGTTTAGCTG-1,4
CAGCTAATCAGCATGT-1,1
CAGCTAATCCACGTGG-1,1
CAGCTAATCTAACTTC-1,1
CAGCTGGAGAGTCGGT-1,3
CAGCTGGCAAGCCGTC-1,3
CAGCTGGCACACCGCA-1,2
CAGCTGGCATCGTCGG-1,3
CAGCTGGGTACCTACA-1,4
CAGCTGGGTATTACCG-1,4
CAGCTGGTCATGCATG-1,6
CAGGTGCAGACAATAC-1,2
CAGGTGCAGACACTAA-1,4
CAGGTGCAGGTCATCT-1,2
CAGGTGCAGTGTCTCA-1,4
CAGGTGCGTGCTGTAT-1,1
CAGGTGCTCACCTTAT-1,6
CAGGTGCTCATATCGG-1,1
CAGGTGCTCGTAGATC-1,1
CAGTAACAGTACGCGA-1,5
CAGTAACCAGTTCATG-1,1
CAGTAACGTACCGTTA-1,3
CAGTAACGTATGGTTC-1,2
CAGTAACTCATGTCTT-1,3
CAGTAACTCCGATATG-1,4
CAGTAACTCCGCATAA-1,2
CAGTAACTCTTAGAGC-1,1
CAGTCCTAGGACATTA-1,1
CAGTCCTCAATCGGTT-1,3
CAGTCCTCAGCTTCGG-1,4
CAGTCCTCATCACGTA-1,5
CAGTCCTTCAGTCAGT-1,4
CAGTCCTTCATGCTCC-1,2
CATATGGAGCACCGCT-1,3
CATATGGCAACTGCTA-1,1
CATATGGCAATTGCTG-1,1
CATATGGCAGTGAGTG-1,3
CATATGGGTAAGCACG-1,7
CATATGGGTTCTGTTT-1,1
CATATGGTCATCTGTT-1,1
CATATGGTCTCCCTGA-1,3
CATATTCAGATGTTAG-1,4
CATATTCAGGTGCAAC-1,5
CATATTCCAGTCTTCC-1,3
CATATTCGTATGAAAC-1,3
CATATTCTCAAGGTAA-1,6
CATATTCTCCCAGGTG-1,4
CATATTCTCCCTCAGT-1,3
CATATTCTCGGGAGTA-1,4
CATATTCTCTTTAGGG-1,2
CATCAAGAGACTCGGA-1,2
CATCAAGCAGGGTTAG-1,1
CATCAAGGTCGGCATC-1,2
CATCAAGGTGCCTTGG-1,4
CATCAAGGTGGTCCGT-1,2
CATCAAGTCCTGTAGA-1,2
CATCAAGTCGCCCTTA-1,3
CATCAGAAGCCGATTT-1,3
CATCAGACAATACGCT-1,2
CATCAGACACAGCGTC-1,2
CATCAGACATAAGACA-1,3
CATCAGAGTGTATGGG-1,2
CATCAGATCCCTTGCA-1,1
CATCCACAGAACAACT-1,2
CATCCACAGGATCGCA-1,2
CATCCACCAAGCGTAG-1,3
CATCCACCATGTCGAT-1,1
CATCCACGTACGAAAT-1,1
CATCCACGTATTCGTG-1,3
CATCCACGTCCATGAT-1,3
CATCCACTCACATGCA-1,1
CATCCACTCTTGAGGT-1,6
CATCGAAAGGACGAAA-1,4
CATCGAAAGTACGACG-1,1
CATCGAAAGTACGTTC-1,2
CATCGAACACGCATCG-1,5
CATCGAACATACGCTA-1,6
CATCGAAGTCTCGTTC-1,4
CATCGAAGTCTTGTCC-1,1
CATCGAAGTGTCCTCT-1,1
CATCGGGAGAACAATC-1,3
CATCGGGAGATAGTCA-1,1
CATCGGGAGCGATATA-1,4
CATCGGGAGGGCTCTC-1,6
CATCGGGAGTACACCT-1,2
CATCGGGAGTACGCGA-1,5
CATCGGGCACATGTGT-1,2
CATCGGGCATACTACG-1,3
CATCGGGGTGCACCAC-1,3
CATCGGGTCCAAAGTC-1,2
CATCGGGTCCAAGCCG-1,2
CATCGGGTCGACGGAA-1,2
CATGACAAGATAGCAT-1,3
CATGACAAGCAGCCTC-1,1
CATGACACAATTCCTT-1,3
CATGACACACTCGACG-1,1
CATGACACACTGAAGG-1,1
CATGACAGTACGCTGC-1,3
CATGACATCAACGCTA-1,1
CATGACATCAGCAACT-1,3
CATGACATCATAACCG-1,1
CATGACATCTCGCTTG-1,1
CATGACATCTGTTGAG-1,2
CATGCCTAGACCTTTG-1,2
CATGCCTAGTCTCGGC-1,3
CATGCCTCAAATACAG-1,1
CATGCCTCAAGCCCAC-1,2
CATGCCTCACCCATGG-1,1
CATGCCTCATCTCCCA-1,6
CATGCCTGTAGAGGAA-1,1
CATGCCTGTCGACTGC-1,5
CATGCCTGTTAAAGAC-1,6
CATGCCTGTTAGGGTG-1,3
CATGCCTTCATGCAAC-1,1
CATGCCTTCATGTCTT-1,1
CATGGCGCAGCATACT-1,1
CATGGCGCATCAGTCA-1,6
CATGGCGCATCCTAGA-1,1
CATGGCGGTACAGTTC-1,3
CATGGCGGTCAATGTC-1,3
CATGGCGGTCACCCAG-1,2
CATGGCGTCGATCCCT-1,3
CATGGCGTCGTACGGC-1,2
CATTATCAGAGCAATT-1,1
CATTATCAGCCCTAAT-1,5
CATTATCCAAACGCGA-1,7
CATTATCGTCCCTTGT-1,1
CATTATCGTGTGCCTG-1,4
CATTATCTCGATAGAA-1,5
CATTATCTCTGGGCCA-1,6
CATTATCTCTTATCTG-1,2
CATTCGCAGGATGGTC-1,5
CATTCGCAGGCCCGTT-1,2
CATTCGCCAAGGACAC-1,2
CATTCGCGTTACGACT-1,2
CATTCGCGTTGTGGCC-1,2
CATTCGCTCAACACAC-1,1
CATTCGCTCGGCCGAT-1,2
CATTCGCTCTGTCTAT-1,2
CCAATCCAGAAACGCC-1,6
CCAATCCAGAGCTGGT-1,3
CCAATCCAGGACAGAA-1,1
CCAATCCAGGCCCGTT-1,2
CCAATCCCAATACGCT-1,3
CCAATCCCAATCTGCA-1,6
CCAATCCCACCCATTC-1,3
CCAATCCCACTAAGTC-1,3
CCAATCCCAGCAGTTT-1,3
CCAATCCCATGCTGGC-1,5
CCAATCCGTCATCGGC-1,2
CCAATCCGTCCGTCAG-1,5
CCAATCCGTCGAACAG-1,1
CCAATCCTCTACTCAT-1,6
CCACCTAAGCCGTCGT-1,2
CCACCTACAGGACCCT-1,3
CCACCTAGTAACGACG-1,1
CCACCTATCGGCGGTT-1,1
CCACCTATCGTCACGG-1,4
CCACGGAAGGGTGTTG-1,3
CCACGGAAGTCCCACG-1,1
CCACGGAGTACTCTCC-1,5
CCACGGAGTCTCATCC-1,1
CCACGGAGTCTGCGGT-1,4
CCACGGAGTTGCTCCT-1,3
CCACGGATCCTTGCCA-1,3
CCACTACAGATCCTGT-1,5
CCACTACCAATGGTCT-1,3
CCACTACCATCACCCT-1,3
CCACTACCATCCGGGT-1,5
CCACTACGTAAGAGAG-1,2
CCACTACGTCCAACTA-1,4
CCACTACGTCCATCCT-1,2
CCACTACGTGCGATAG-1,4
CCACTACGTTCGGGCT-1,1
CCACTACTCCTTTCTC-1,4
CCACTACTCGGAATCT-1,3
CCACTACTCTTCATGT-1,3
CCAGCGAAGAGAGCTC-1,3
CCAGCGAAGAGTACCG-1,2
CCAGCGACATCCTTGC-1,2
CCAGCGAGTCATACTG-1,3
CCAGCGAGTTTAGCTG-1,7
CCAGCGATCGATCCCT-1,1
CCATGTCAGTATCTCG-1,1
CCATGTCCAATCCGAT-1,4
CCATGTCCACCAGGTC-1,4
CCATGTCCACGGTGTC-1,4
CCATGTCCAGTCCTTC-1,2
CCATGTCGTACACCGC-1,2
CCATGTCGTCTAGCCG-1,2
CCATGTCGTCTCTCGT-1,4
CCATGTCGTTATCCGA-1,1
CCATGTCTCCCTAACC-1,3
CCATTCGAGATATGCA-1,3
CCATTCGAGCGATTCT-1,1
CCATTCGAGGTGACCA-1,1
CCATTCGAGTACGTAA-1,2
CCATTCGAGTGTCCCG-1,5
CCATTCGAGTTCGATC-1,4
CCATTCGCATCGATTG-1,3
CCATTCGGTAAGGATT-1,3
CCATTCGGTAGCCTCG-1,3
CCATTCGGTCTCCATC-1,3
CCATTCGTCACCCGAG-1,1
CCATTCGTCATATCGG-1,3
CCATTCGTCCGCTGTT-1,3
CCATTCGTCCGTCAAA-1,1
CCATTCGTCGATGAGG-1,4
CCATTCGTCGCAGGCT-1,1
CCATTCGTCTATCGCC-1,2
CCCAATCCAAGACGTG-1,3
CCCAATCGTTATTCTC-1,3
CCCAATCTCACCTCGT-1,2
CCCAGTTAGTGTACGG-1,1
CCCAGTTCACACGCTG-1,3
CCCAGTTCACATGACT-1,2
CCCAGTTGTCATGCCG-1,4
CCCAGTTGTTGAGGTG-1,2
CCCAGTTTCTCGATGA-1,1
CCCATACAGGTGCACA-1,3
CCCATACAGTCATGCT-1,2
CCCATACCATCACAAC-1,1
CCCATACCATCGGGTC-1,3
CCCATACCATCTGGTA-1,2
CCCATACCATTACGAC-1,2
CCCATACGTGGTGTAG-1,1
CCCATACTCAACGGCC-1,1
CCCTCCTAGACTTTCG-1,2
CCCTCCTCACCGGAAA-1,2
CCCTCCTCATCCGGGT-1,2
CCCTCCTGTACTTAGC-1,5
CCCTCCTGTCAGTGGA-1,2
CCCTCCTGTGATGTGG-1,1
CCCTCCTTCCACGAAT-1,1
CCCTCCTTCCAGATCA-1,1
CCCTCCTTCCTTTACA-1,5
CCCTCCTTCTACCAGA-1,4
CCCTCCTTCTGTCCGT-1,1
CCGGGATAGACCTTTG-1,2
CCGGGATAGGACAGAA-1,3
CCGGGATAGGTGTGGT-1,4
CCGGGATAGTCGTACT-1,3
CCGGGATCAAGTCTGT-1,4
CCGGGATCATCGGGTC-1,3
CCGGGATCATTGTGCA-1,3
CCGGGATTCCGCATCT-1,2
CCGGGATTCGCAGGCT-1,1
CCGGTAGAGCCAGTAG-1,1
CCGGTAGCATACTACG-1,4
CCGGTAGGTCCGACGT-1,2
CCGGTAGGTGGCTCCA-1,4
CCGTACTAGACCTTTG-1,3
CCGTACTCACATTAGC-1,3
CCGTACTCATTTGCCC-1,3
CCGTACTTCCGTTGCT-1,1
CCGTGGAAGTAAGTAC-1,1
CCGTGGAAGTACGCCC-1,1
CCGTGGAAGTCAATAG-1,1
CCGTGGACAACTGGCC-1,1
CCGTGGACACAGAGGT-1,4
CCGTGGACATGTCGAT-1,2
CCGTGGAGTGACCAAG-1,4
CCGTGGAGTGTCTGAT-1,3
CCGTGGATCATTCACT-1,2
CCGTGGATCGAACTGT-1,4
CCGTGGATCTTCATGT-1,4
CCGTTCAAGGAATCGC-1,4
CCGTTCAAGGCGATAC-1,2
CCGTTCACAATGGAAT-1,3
CCGTTCACAGCTCGAC-1,1
CCGTTCAGTAAATGAC-1,2
CCTAAAGCACCATCCT-1,3
CCTAAAGCAGACAAAT-1,3
CCTAAAGGTCCTCCAT-1,5
CCTAAAGGTGCAGTAG-1,3
CCTAAAGGTTGTCTTT-1,2
CCTAAAGTCAGATAAG-1,1
CCTAAAGTCAGTGTTG-1,3
CCTAAAGTCCTCGCAT-1,4
CCTACACAGAATTCCC-1,1
CCTACACAGTAGGCCA-1,1
CCTACACAGTTATCGC-1,4
CCTACACCAACACCTA-1,3
CCTACACGTAACGTTC-1,6
CCTACACGTCTGCGGT-1,3
CCTACACGTTACGCGC-1,1
CCTACCAAGTATCGAA-1,3
CCTACCAAGTCGTTTG-1,2
CCTACCACATAAGACA-1,1
CCTACCAGTGGTCCGT-1,3
CCTACCAGTTCCGGCA-1,2
CCTACCATCGAGAACG-1,2
CCTAGCTAGCTCTCGG-1,3
CCTAGCTAGGGATCTG-1,6
CCTAGCTAGGTGGGTT-1,5
CCTAGCTCAGGGAGAG-1,1
CCTAGCTGTGGTACAG-1,1
CCTAGCTGTTCAGCGC-1,1
CCTAGCTTCGAATGGG-1,4
CCTATTAAGGTGACCA-1,8
CCTATTAAGTCCTCCT-1,6
CCTATTAAGTGTTAGA-1,2
CCTATTAAGTTGAGTA-1,2
CCTATTAAGTTTAGGA-1,2
CCTATTACAACACCCG-1,5
CCTATTACACTCGACG-1,5
CCTATTAGTACTCGCG-1,1
CCTATTAGTCAGAAGC-1,2
CCTATTAGTGGAAAGA-1,1
CCTATTAGTTCAGACT-1,6
CCTATTATCAAGGTAA-1,3
CCTATTATCATGGTCA-1,3
CCTATTATCCTCGCAT-1,4
CCTATTATCGCCGTGA-1,6
CCTCAGTCACCATCCT-1,2
CCTCAGTGTCAACTGT-1,3
CCTCAGTTCGCCAAAT-1,6
CCTCAGTTCGCGATCG-1,1
CCTCAGTTCTCTAAGG-1,1
CCTCTGAAGCTAGTGG-1,3
CCTCTGAAGGGCACTA-1,3
CCTCTGACAAGGTTTC-1,2
CCTCTGACACGGACAA-1,4
CCTCTGACACTACAGT-1,3
CCTCTGACAGTGGGAT-1,2
CCTCTGACATGGAATA-1,6
CCTCTGAGTAAGTTCC-1,1
CCTCTGAGTGCTTCTC-1,2
CCTCTGAGTTGCCTCT-1,3
CCTCTGAGTTGCGTTA-1,2
CCTTACGAGCAATATG-1,3
CCTTACGAGGCCCTTG-1,1
CCTTACGCAATGGACG-1,1
CCTTACGCACAGACTT-1,6
CCTTACGCACGGTGTC-1,1
CCTTACGCAGACGCCT-1,1
CCTTACGGTCGAAAGC-1,4
CCTTACGGTCTTGATG-1,3
CCTTACGGTTCCACGG-1,4
CCTTACGTCACGGTTA-1,1
CCTTACGTCGTACCGG-1,2
CCTTACGTCGTTACGA-1,2
CCTTACGTCTACTATC-1,3
CCTTACGTCTGGTGTA-1,2
CCTTCCCAGCCTATGT-1,3
CCTTCCCAGCTAGTTC-1,5
CCTTCCCGTACCGGCT-1,1
CCTTCCCTCATGCATG-1,1
CCTTCCCTCTGAGGGA-1,3
CCTTCGAAGCGTAATA-1,1
CCTTCGAAGCTAAGAT-1,3
CCTTCGAAGGTACTCT-1,2
CCTTCGAAGTGTTAGA-1,4
CCTTCGACAATACGCT-1,1
CCTTCGACACGACGAA-1,3
CCTTCGACATAAAGGT-1,1
CCTTCGAGTGTCTGAT-1,7
CCTTCGATCGGTTAAC-1,2
CCTTTCTAGAAACGAG-1,1
CCTTTCTAGATCCCGC-1,3
CCTTTCTAGATCCTGT-1,3
CCTTTCTAGTCGTACT-1,4
CCTTTCTCAAGCTGAG-1,3
CCTTTCTCAATGTAAG-1,2
CCTTTCTCACCTCGGA-1,3
CCTTTCTGTCTTTCAT-1,1
CCTTTCTGTGCGAAAC-1,2
CCTTTCTGTTAAGATG-1,3
CCTTTCTTCCAACCAA-1,1
CCTTTCTTCCTAGGGC-1,3
CCTTTCTTCTAAGCCA-1,6
CGAACATAGACAAGCC-1,4
CGAACATAGATCGGGT-1,5
CGAACATAGCTGCGAA-1,6
CGAACATCAATAAGCA-1,4
CGAACATCAGACGCTC-1,1
CGAACATCAGGATCGA-1,6
CGAACATCATGGGAAC-1,3
CGAACATTCACGAAGG-1,6
CGAACATTCTCTAGGA-1,4
CGAATGTAGAGAGCTC-1,4
CGAATGTCAAAGGTGC-1,1
CGAATGTCAAGCGTAG-1,3
CGAATGTCAGATGGGT-1,2
CGAATGTCAGCGTCCA-1,5
CGAATGTCAGGTGGAT-1,2
CGAATGTCATGTAAGA-1,1
CGAATGTGTAAGGGAA-1,2
CGAATGTGTACCCAAT-1,5
CGAATGTGTACCGGCT-1,2
CGAATGTGTCGGCTCA-1,6
CGAATGTGTCGTCTTC-1,2
CGAATGTGTGTTAAGA-1,3
CGAATGTTCACTCTTA-1,1
CGAATGTTCGACCAGC-1,1
CGAATGTTCGGCCGAT-1,2
CGAATGTTCTCAACTT-1,4
CGACCTTAGCTAGCCC-1,5
CGACCTTGTAGAGCTG-1,1
CGACCTTGTTTGGCGC-1,6
CGACCTTTCCTGTAGA-1,2
CGACCTTTCTGTGCAA-1,3
CGACCTTTCTTAACCT-1,2
CGACTTCAGCTGGAAC-1,1
CGACTTCAGTGGGTTG-1,1
CGACTTCAGTGTGAAT-1,3
CGACTTCCACGAGAGT-1,2
CGACTTCGTAATCACC-1,3
CGACTTCTCAGCACAT-1,3
CGACTTCTCAGGCCCA-1,1
CGACTTCTCGGAGGTA-1,5
CGAGAAGAGGTGGGTT-1,5
CGAGAAGCAGACAGGT-1,2
CGAGAAGCAGTATAAG-1,2
CGAGAAGCAGTTCATG-1,1
CGAGAAGCATCGGTTA-1,1
CGAGAAGGTGAGGGTT-1,1
CGAGAAGGTTCGCTAA-1,2
CGAGAAGGTTTGACTG-1,3
CGAGAAGTCAGTTTGG-1,1
CGAGCACAGATGTGGC-1,4
CGAGCACAGCGTTCCG-1,2
CGAGCACAGTCTTGCA-1,3
CGAGCACCACCCATGG-1,2
CGAGCACGTAAGAGAG-1,2
CGAGCACGTAATCGTC-1,3
CGAGCACGTAGCGATG-1,1
CGAGCACGTCTGGTCG-1,1
CGAGCCAAGTACGATA-1,1
CGAGCCACACCTGGTG-1,5
CGAGCCACAGCCAGAA-1,2
CGAGCCACAGTAACGG-1,5
CGAGCCATCATTTGGG-1,4
CGATCGGAGGCCCGTT-1,2
CGATCGGAGGCTCAGA-1,3
CGATCGGAGTGAACGC-1,2
CGATCGGCAAAGGCGT-1,4
CGATCGGCACATTCGA-1,2
CGATCGGCATGTAGTC-1,3
CGATCGGGTGAGTGAC-1,4
CGATCGGGTTATCCGA-1,2
CGATCGGTCACGCATA-1,1
CGATCGGTCCTATTCA-1,2
CGATGGCAGCTAACTC-1,2
CGATGGCAGCTCAACT-1,1
CGATGGCAGCTCCTCT-1,2
CGATGGCAGGAGTTTA-1,1
CGATGGCCACGACTCG-1,1
CGATGGCCAGGGAGAG-1,1
CGATGGCTCGCCAGCA-1,5
CGATGGCTCGTACGGC-1,5
CGATGTAAGTCACGCC-1,1
CGATGTAAGTTGCAGG-1,1
CGATGTACAAGGTTTC-1,2
CGATGTACAGTCGTGC-1,1
CGATGTACAGTCTTCC-1,1
CGATGTAGTAGAGTGC-1,1
CGATGTAGTCGACTGC-1,3
CGATGTATCGTAGATC-1,1
CGATGTATCTCGCATC-1,2
CGATTGAAGAAGAAGC-1,2
CGATTGAAGAGCAATT-1,1
CGATTGAAGAGGTTAT-1,4
CGATTGACAAGAAAGG-1,3
CGATTGACAGATGGGT-1,6
CGATTGACAGTGAGTG-1,2
CGATTGAGTAGATTAG-1,3
CGATTGAGTGTGACCC-1,3
CGATTGAGTGTTTGTG-1,1
CGATTGATCAAACCGT-1,6
CGATTGATCATGTGGT-1,4
CGCCAAGAGCGATGAC-1,3
CGCCAAGAGGCCCGTT-1,1
CGCCAAGCACATTCGA-1,3
CGCCAAGCATCGACGC-1,1
CGCCAAGGTCCGAATT-1,6
CGCCAAGGTGACTCAT-1,2
CGCCAAGGTGAGTATA-1,6
CGCCAAGGTTACTGAC-1,1
CGCCAAGTCAACGCTA-1,3
CGCCAAGTCAATCACG-1,4
CGCCAAGTCAGGCAAG-1,1
CGCCAAGTCTCTAGGA-1,1
CGCGGTAAGAGGTAGA-1,3
CGCGGTAAGTGTTGAA-1,2
CGCGGTACAATCCGAT-1,2
CGCGTTTAGACATAAC-1,2
CGCGTTTCAGTGAGTG-1,1
CGCGTTTCATCCTAGA-1,1
CGCGTTTGTACCGAGA-1,3
CGCGTTTGTCCTAGCG-1,2
CGCGTTTGTCGGATCC-1,2
CGCGTTTGTTCTCATT-1,4
CGCGTTTTCCCATTAT-1,5
CGCGTTTTCCGTACAA-1,4
CGCGTTTTCTTAACCT-1,1
CGCTATCAGACGCAAC-1,5
CGCTATCCACGCGAAA-1,3
CGCTATCCAGACAGGT-1,3
CGCTATCCAGATCCAT-1,2
CGCTATCCATGCTGGC-1,3
CGCTATCTCACTATTC-1,3
CGCTGGAAGCCCGAAA-1,2
CGCTGGAAGTCGAGTG-1,1
CGCTGGACACCGATAT-1,1
CGCTGGAGTCAGAGGT-1,3
CGCTGGAGTGCACGAA-1,1
CGCTGGATCTGAGTGT-1,3
CGCTTCAAGTTAAGTG-1,2
CGCTTCACAAGACGTG-1,4
CGCTTCACACGCATCG-1,2
CGCTTCAGTATTACCG-1,1
CGCTTCAGTCAAGCGA-1,5
CGCTTCAGTCATATGC-1,5
CGCTTCAGTCCTGCTT-1,2
CGCTTCATCTGGTGTA-1,1
CGGACACAGCCTATGT-1,3
CGGACACAGTGCTGCC-1,2
CGGACACCAAGAAAGG-1,2
CGGACACCAAGTAGTA-1,1
CGGACACCACCAGCAC-1,3
CGGACACCATCGTCGG-1,2
CGGACACGTAGGGTAC-1,5
CGGACACGTGTGACCC-1,5
CGGACACTCGCCAGCA-1,4
CGGACACTCTCAAACG-1,3
CGGACACTCTTGTTTG-1,4
CGGACGTAGCCCAATT-1,2
CGGACGTAGTATCTCG-1,5
CGGACGTCACAGTCGC-1,2
CGGACGTCAGAGCCAA-1,1
CGGACGTCAGGTCGTC-1,5
CGGACGTGTCTTCTCG-1,4
CGGACGTTCCAGTATG-1,5
CGGACGTTCCGTCATC-1,2
CGGACGTTCTTTCCTC-1,4
CGGACTGAGACAGACC-1,1
CGGACTGAGATCTGAA-1,2
CGGACTGAGTCCGTAT-1,1
CGGACTGAGTTTAGGA-1,1
CGGACTGAGTTTCCTT-1,2
CGGACTGCACACAGAG-1,1
CGGACTGGTTGACGTT-1,1
CGGACTGTCGGCTACG-1,3
CGGACTGTCGTTTATC-1,1
CGGAGCTAGAAACCTA-1,1
CGGAGCTAGAATAGGG-1,4
CGGAGCTAGAGGTTGC-1,2
CGGAGCTAGAGTCTGG-1,3
CGGAGCTAGGCAGGTT-1,4
CGGAGCTCACCGAAAG-1,7
CGGAGCTCAGTATGCT-1,3
CGGAGCTGTACAAGTA-1,5
CGGAGCTTCATTTGGG-1,2
CGGAGCTTCGAACGGA-1,4
CGGAGCTTCGGTGTCG-1,2
CGGAGCTTCTAGCACA-1,2
CGGAGCTTCTTACCGC-1,3
CGGAGTCAGAAAGTGG-1,5
CGGAGTCAGGAATGGA-1,2
CGGAGTCAGGAGCGAG-1,1
CGGAGTCAGTTTCCTT-1,1
CGGAGTCCAATGGACG-1,1
CGGAGTCCACAAGCCC-1,4
CGGAGTCCACCGATAT-1,2
CGGAGTCGTACAGTTC-1,3
CGGAGTCTCAGCTGGC-1,2
CGGAGTCTCATTATCC-1,1
CGGAGTCTCGTGTAGT-1,5
CGGAGTCTCTGCGTAA-1,7
CGGCTAGAGAATCTCC-1,3
CGGCTAGAGACTTTCG-1,1
CGGCTAGAGCGTGAGT-1,4
CGGCTAGCAACTGCGC-1,1
CGGCTAGCACCATGTA-1,2
CGGCTAGCAGGCTGAA-1,5
CGGCTAGCATTCCTGC-1,2
CGGCTAGGTCAATGTC-1,3
CGGCTAGTCAAAGTAG-1,2
CGGCTAGTCACGAAGG-1,4
CGGCTAGTCACTCTTA-1,1
CGGGTCAAGGAGCGAG-1,1
CGGGTCACAGACTCGC-1,4
CGGGTCAGTCAGCTAT-1,2
CGGGTCAGTTGACGTT-1,2
CGGGTCATCGCGCCAA-1,6
CGGGTCATCGGATGGA-1,1
CGGTTAAAGATGCCAG-1,1
CGGTTAAAGTCATCCA-1,1
CGGTTAAAGTCCGGTC-1,3
CGGTTAACATGCGCAC-1,7
CGGTTAACATGGTCAT-1,4
CGGTTAAGTAGCTAAA-1,5
CGGTTAAGTCTAGTCA-1,3
CGGTTAAGTGGTAACG-1,1
CGGTTAAGTTGGACCC-1,4
CGGTTAATCAAACCAC-1,1
CGGTTAATCAACGAAA-1,2
CGGTTAATCAACGCTA-1,2
CGGTTAATCACAAACC-1,3
CGTAGCGAGAGCAATT-1,6
CGTAGCGAGCGCTTAT-1,3
CGTAGCGAGCTGGAAC-1,6
CGTAGCGAGTTCGATC-1,4
CGTAGCGTCGATGAGG-1,3
CGTAGCGTCGGATGTT-1,3
CGTAGCGTCTGTCTAT-1,1
CGTAGGCCAGTTCATG-1,4
CGTAGGCGTGAGTATA-1,4
CGTAGGCGTGCACGAA-1,3
CGTAGGCGTGTTCTTT-1,3
CGTAGGCGTTGATTCG-1,2
CGTAGGCTCATGCAAC-1,3
CGTAGGCTCCATTCTA-1,2
CGTAGGCTCGGATGTT-1,5
CGTCACTAGACTAAGT-1,1
CGTCACTCAGGTCTCG-1,6
CGTCACTGTCTCACCT-1,4
CGTCACTTCGGATGGA-1,4
CGTCACTTCTAGCACA-1,5
CGTCACTTCTCCGGTT-1,4
CGTCAGGAGGATGTAT-1,5
CGTCAGGAGGGCACTA-1,3
CGTCAGGAGTGTCCCG-1,1
CGTCAGGCACATCCGG-1,2
CGTCAGGGTCCTCTTG-1,5
CGTCAGGGTGTGAAAT-1,2
CGTCAGGGTTTCGCTC-1,3
CGTCAGGTCCAAGTAC-1,4
CGTCCATAGAGATGAG-1,2
CGTCCATAGCGATGAC-1,3
CGTCCATAGTCGTACT-1,3
CGTCCATCACCTTGTC-1,3
CGTCCATGTACCGAGA-1,2
CGTCCATGTTATTCTC-1,2
CGTCCATGTTTCCACC-1,1
CGTCCATTCTAACCGA-1,2
CGTCTACAGCGAGAAA-1,6
CGTCTACAGGCTAGAC-1,3
CGTCTACAGTGGTCCC-1,5
CGTCTACCAGTCGATT-1,3
CGTCTACGTCAGGACA-1,2
CGTCTACGTCTTTCAT-1,3
CGTCTACGTTCAGCGC-1,4
CGTCTACTCACCGGGT-1,1
CGTCTACTCGAATGCT-1,1
CGTCTACTCTTAACCT-1,5
CGTCTACTCTTTAGTC-1,1
CGTGAGCAGCCGATTT-1,6
CGTGAGCAGTAGGTGC-1,3
CGTGAGCAGTTAACGA-1,3
CGTGAGCCAACACCTA-1,1
CGTGAGCCAGTAAGCG-1,2
CGTGAGCCATATGAGA-1,6
CGTGAGCCATGCCTAA-1,5
CGTGAGCGTACCGCTG-1,1
CGTGAGCGTTTACTCT-1,2
CGTGAGCTCTCTTGAT-1,1
CGTGTAAAGCATGGCA-1,3
CGTGTAAAGCTAGTGG-1,3
CGTGTAACAACACCCG-1,1
CGTGTAATCGTTTGCC-1,4
CGTGTAATCTGCTGCT-1,1
CGTGTCTAGATGTGTA-1,3
CGTGTCTAGCAGGTCA-1,3
CGTGTCTAGGGTTTCT-1,1
CGTGTCTCACAGCGTC-1,6
CGTGTCTCAGCGTCCA-1,5
CGTGTCTGTTCCAACA-1,1
CGTGTCTTCCACTGGG-1,2
CGTTAGAAGGATTCGG-1,6
CGTTAGACAAGGACAC-1,7
CGTTAGAGTCACTTCC-1,4
CGTTAGATCAGTGCAT-1,1
CGTTAGATCCGCTGTT-1,4
CGTTCTGAGCGATAGC-1,5
CGTTCTGCAATAACGA-1,3
CGTTCTGGTAAGAGAG-1,1
CGTTCTGGTATAATGG-1,2
CGTTCTGGTGGCCCTA-1,3
CGTTCTGTCCTATGTT-1,7
CGTTGGGAGATCCTGT-1,5
CGTTGGGAGGATGTAT-1,2
CGTTGGGCAGCCTATA-1,1
CGTTGGGCAGGTGCCT-1,4
CGTTGGGCATGTCTCC-1,2
CGTTGGGGTGCACCAC-1,1
CGTTGGGGTTAAGACA-1,5
CGTTGGGTCGATCCCT-1,3
CTAACTTAGCCTTGAT-1,3
CTAACTTAGGCAATTA-1,1
CTAACTTAGTACATGA-1,5
CTAACTTAGTAGCGGT-1,2
CTAACTTCAAGCGAGT-1,6
CTAACTTCACACCGAC-1,2
CTAACTTCATATGCTG-1,4
CTAACTTGTAGCGTCC-1,1
CTAACTTGTTCATGGT-1,3
CTAACTTTCATACGGT-1,6
CTAACTTTCCAGGGCT-1,1
CTAACTTTCGCATGAT-1,7
CTAACTTTCGTTGACA-1,1
CTAAGACAGACAGACC-1,1
CTAAGACAGAGAACAG-1,1
CTAAGACAGCCCGAAA-1,3
CTAAGACGTCCATGAT-1,2
CTAAGACTCCGCATAA-1,3
CTAAGACTCGGTTAAC-1,2
CTAATGGAGATCGGGT-1,2
CTAATGGAGGAGTTGC-1,5
CTAATGGCAAGGACTG-1,2
CTAATGGCACCGAATT-1,4
CTAATGGCATGATCCA-1,6
CTAATGGGTGGTAACG-1,2
CTAATGGGTGTTCGAT-1,3
CTAATGGGTTGGTGGA-1,2
CTAATGGTCAACCATG-1,2
CTACACCAGACAGAGA-1,2
CTACACCAGGTGTGGT-1,3
CTACACCCAGGGCATA-1,2
CTACACCGTCAAAGCG-1,3
CTACACCGTTATGTGC-1,4
CTACACCGTTCCACTC-1,2
CTACACCTCAGAAATG-1,3
CTACATTAGAGACGAA-1,2
CTACATTAGCACAGGT-1,5
CTACATTAGTACGTAA-1,4
CTACATTCAGACAGGT-1,3
CTACATTGTACATCCA-1,1
CTACATTGTCGGCATC-1,4
CTACATTGTGGTAACG-1,2
CTACATTGTTACGCGC-1,2
CTACATTTCGAACTGT-1,5
CTACCCAAGGCGACAT-1,4
CTACCCAAGGGTATCG-1,2
CTACCCACACCGCTAG-1,5
CTACCCACATCCTAGA-1,1
CTACCCACATGAACCT-1,2
CTACCCAGTAGTGAAT-1,2
CTACCCAGTATCTGCA-1,2
CTACCCAGTATTCGTG-1,3
CTACCCAGTCGTGGCT-1,2
CTACCCAGTTATCACG-1,3
CTACCCATCCGCATCT-1,3
CTACGTCAGATGGCGT-1,2
CTACGTCAGTTCCACA-1,2
CTACGTCCAACGCACC-1,1
CTACGTCGTAGGGTAC-1,1
CTACGTCGTGAGGGAG-1,4
CTACGTCTCTCGTATT-1,4
CTAGAGTCACATGTGT-1,1
CTAGAGTCAGCCTTGG-1,5
CTAGAGTCAGGGATTG-1,5
CTAGAGTGTACAAGTA-1,1
CTAGAGTGTAGCCTAT-1,2
CTAGAGTTCGTCCAGG-1,3
CTAGAGTTCGTGGACC-1,2
CTAGCCTAGCGATAGC-1,1
CTAGCCTCAATTGCTG-1,2
CTAGCCTCAGCTGTAT-1,1
CTAGCCTGTCCGTTAA-1,4
CTAGCCTTCATGCAAC-1,1
CTAGCCTTCCACTGGG-1,1
CTAGCCTTCCTCCTAG-1,1
CTAGTGAAGGAGTAGA-1,2
CTAGTGAAGGCTACGA-1,1
CTAGTGACAAGTTAAG-1,4
CTAGTGAGTAAGAGGA-1,3
CTAGTGAGTCCAAGTT-1,7
CTAGTGAGTGCGGTAA-1,1
CTAGTGATCCCGGATG-1,4
CTAGTGATCCTGCCAT-1,1
CTCACACAGATCCCAT-1,1
CTCACACAGCAGGCTA-1,3
CTCACACCAATAGCAA-1,3
CTCACACCAATGGAGC-1,3
CTCACACCACGCTTTC-1,2
CTCACACGTCCTAGCG-1,5
CTCACACGTTGGGACA-1,6
CTCACACTCCATGAAC-1,2
CTCACACTCGAATCCA-1,2
CTCACACTCTCTAAGG-1,2
CTCACACTCTTGTCAT-1,4
CTCAGAAAGAATAGGG-1,1
CTCAGAAAGGCCATAG-1,1
CTCAGAAAGGCTAGCA-1,1
CTCAGAACAAAGGCGT-1,2
CTCAGAAGTAGCTTGT-1,1
CTCAGAAGTAGTGAAT-1,5
CTCAGAATCAGCACAT-1,4
CTCAGAATCGCCGTGA-1,1
CTCATTAAGACCTAGG-1,1
CTCATTAAGACTCGGA-1,2
CTCATTAAGTGGGCTA-1,3
CTCATTACAAACGCGA-1,1
CTCATTACAAGCTGGA-1,2
CTCATTACATAGACTC-1,6
CTCATTAGTACTCTCC-1,3
CTCATTAGTCAATACC-1,1
CTCATTAGTCGAAAGC-1,3
CTCATTAGTCGAGTTT-1,3
CTCATTAGTCGCTTTC-1,6
CTCATTAGTGCACGAA-1,3
CTCATTATCCCTAATT-1,1
CTCATTATCCTAGGGC-1,1
CTCATTATCGTCCAGG-1,5
CTCCTAGAGAGTGAGA-1,1
CTCCTAGAGCTCCCAG-1,3
CTCCTAGAGGAGTTTA-1,5
CTCCTAGAGGCAGTCA-1,4
CTCCTAGAGTTCGATC-1,1
CTCCTAGGTATTCTCT-1,4
CTCCTAGGTGACCAAG-1,3
CTCCTAGTCCTAGAAC-1,1
CTCGAAAAGAATTGTG-1,3
CTCGAAAAGACGACGT-1,6
CTCGAAAAGAGCCTAG-1,1
CTCGAAAAGCTTCGCG-1,2
CTCGAAACACTTACGA-1,3
CTCGAAACAGATTGCT-1,2
CTCGAAAGTTCGGCAC-1,1
CTCGAAATCAACGAAA-1,1
CTCGAAATCCACGCAG-1,3
CTCGAGGGTACCGAGA-1,4
CTCGAGGGTGATAAGT-1,4
CTCGAGGTCAGAGGTG-1,1
CTCGAGGTCAGCACAT-1,1
CTCGAGGTCCGAATGT-1,3
CTCGAGGTCCGATATG-1,3
CTCGGAGCACCAGATT-1,3
CTCGGAGCAGTGAGTG-1,2
CTCGGAGGTGGAAAGA-1,1
CTCGGAGTCAGTCAGT-1,2
CTCGGGAAGCGTCAAG-1,3
CTCGGGAAGGGTATCG-1,1
CTCGGGACACATTTCT-1,1
CTCGGGACACTTAAGC-1,2
CTCGGGAGTGACAAAT-1,3
CTCGGGATCATCGATG-1,1
CTCGTACAGCAGCGTA-1,2
CTCGTACAGCGATTCT-1,2
CTCGTACAGTCCCACG-1,2
CTCGTACAGTTGAGTA-1,1
CTCGTACGTGAAGGCT-1,2
CTCGTACGTGTGGTTT-1,3
CTCGTACTCATACGGT-1,3
CTCGTCAAGCGCCTCA-1,4
CTCGTCAAGGCATGGT-1,1
CTCGTCACAATGGTCT-1,4
CTCGTCACATTACGAC-1,3
CTCGTCAGTAGATTAG-1,5
CTCGTCATCACAAACC-1,6
CTCGTCATCAGGCGAA-1,6
CTCGTCATCAGTTAGC-1,2
CTCGTCATCGACAGCC-1,5
CTCTAATAGTGGTAAT-1,1
CTCTAATCAAGTAGTA-1,3
CTCTAATCAGTATGCT-1,7
CTCTAATCATGACGGA-1,4
CTCTAATGTACGCACC-1,3
CTCTAATGTAGAAAGG-1,1
CTCTAATGTAGCGTCC-1,3
CTCTAATGTGATGTCT-1,1
CTCTAATGTTCCGGCA-1,3
CTCTAATTCACAGGCC-1,5
CTCTAATTCGAATCCA-1,1
CTCTACGAGAGCAATT-1,5
CTCTACGAGCGATAGC-1,1
CTCTACGAGCGATCCC-1,2
CTCTACGAGTGGCACA-1,1
CTCTACGGTCCATGAT-1,2
CTCTACGTCGTACCGG-1,2
CTCTGGTAGAGCTGCA-1,2
CTCTGGTAGATGCGAC-1,1
CTCTGGTAGCCTATGT-1,2
CTCTGGTAGGAGCGTT-1,5
CTCTGGTAGGCAAAGA-1,2
CTCTGGTCACAAGTAA-1,1
CTCTGGTCATGGGACA-1,4
CTCTGGTGTCCATGAT-1,7
CTCTGGTGTGCAGTAG-1,1
CTCTGGTGTTAAGGGC-1,4
CTCTGGTTCCCTAACC-1,2
CTCTGGTTCTGCCCTA-1,5
CTGAAACAGCCAGAAC-1,3
CTGAAACAGCTGAAAT-1,3
CTGAAACAGGTTCCTA-1,2
CTGAAACAGTCTCCTC-1,1
CTGAAACAGTTGTCGT-1,6
CTGAAACCACGCGAAA-1,4
CTGAAACCACGGCCAT-1,2
CTGAAACGTAAGGATT-1,2
CTGAAACTCGGTGTTA-1,2
CTGAAACTCTGGTGTA-1,3
CTGAAGTAGCTAGTCT-1,1
CTGAAGTAGGCCCGTT-1,6
CTGAAGTAGGCTAGCA-1,2
CTGAAGTAGTATCGAA-1,2
CTGAAGTCAGTCCTTC-1,1
CTGAAGTCAGTCGTGC-1,1
CTGAAGTGTACACCGC-1,4
CTGAAGTGTGTGAATA-1,1
CTGAAGTGTTGTGGAG-1,5
CTGAAGTTCTACTCAT-1,2
CTGAAGTTCTGCGTAA-1,3
CTGAAGTTCTGGCGTG-1,5
CTGATAGAGATCACGG-1,1
CTGATAGCATGGGAAC-1,2
CTGATAGTCCCATTTA-1,2
CTGATAGTCGTAGGAG-1,3
CTGATCCCAAACAACA-1,3
CTGATCCGTGATGTGG-1,5
CTGATCCGTGGTGTAG-1,1
CTGATCCTCGTAGGAG-1,7
CTGCCTAAGATCGATA-1,7
CTGCCTAAGGAGCGAG-1,6
CTGCCTAAGTGGAGAA-1,1
CTGCCTACAAGACGTG-1,5
CTGCCTACACCTCGGA-1,4
CTGCCTAGTAGGCTGA-1,2
CTGCCTAGTAGGGACT-1,1
CTGCCTAGTCATGCAT-1,5
CTGCCTAGTCTCAACA-1,3
CTGCCTATCGTAGGTT-1,1
CTGCCTATCGTTTGCC-1,5
CTGCGGAAGCGACGTA-1,1
CTGCGGAAGGCTAGCA-1,5
CTGCGGACACGGTTTA-1,4
CTGCGGAGTGCCTGCA-1,5
CTGCGGAGTTAAGTAG-1,1
CTGCGGAGTTGCCTCT-1,2
CTGCGGATCCGCGGTA-1,1
CTGCGGATCGGCGGTT-1,1
CTGCTGTAGAAGATTC-1,3
CTGCTGTCAAAGGCGT-1,4
CTGCTGTCAGAGCCAA-1,1
CTGCTGTCAGAGTGTG-1,1
CTGCTGTCAGCTCGAC-1,1
CTGCTGTGTCCGTCAG-1,1
CTGCTGTTCACTTCAT-1,3
CTGCTGTTCTCACATT-1,2
CTGCTGTTCTGCTTGC-1,3
CTGGTCTAGGAATTAC-1,2
CTGGTCTAGTTACGGG-1,2
CTGGTCTCAATGGTCT-1,5
CTGGTCTGTAGCTAAA-1,3
CTGGTCTGTCTTCAAG-1,3
CTGGTCTGTTCAGACT-1,5
CTGGTCTTCTTGTATC-1,2
CTGTGCTAGCCACTAT-1,1
CTGTGCTCAATGGAGC-1,2
CTGTGCTGTACAGTTC-1,2
CTGTGCTGTCTCTCGT-1,6
CTGTGCTGTGTGAAAT-1,3
CTGTGCTGTGTTGAGG-1,2
CTGTGCTGTTACAGAA-1,2
CTGTGCTGTTGGTGGA-1,1
CTGTGCTTCCTTGGTC-1,3
CTGTTTAAGCGCCTTG-1,6
CTGTTTAAGGCTAGGT-1,2
CTGTTTAAGGGCTTCC-1,3
CTGTTTACACATGGGA-1,1
CTGTTTACAGCTGGCT-1,1
CTGTTTAGTCCAGTAT-1,7
CTGTTTATCCCAAGTA-1,2
CTGTTTATCCGAACGC-1,3
CTTAACTAGCTGCGAA-1,2
CTTAACTAGTGGTAAT-1,1
CTTAACTCACCCTATC-1,2
CTTAACTCAGAAGCAC-1,4
CTTAACTCATGTTGAC-1,4
CTTAACTTCACCGGGT-1,4
CTTAACTTCCTCAATT-1,3
CTTACCGAGCCACGCT-1,3
CTTACCGAGGACACCA-1,3
CTTACCGAGTGGTAGC-1,2
CTTACCGAGTGTACGG-1,4
CTTACCGCACAGGCCT-1,3
CTTACCGCAGATTGCT-1,1
CTTACCGGTAGAGTGC-1,6
CTTACCGGTAGGACAC-1,1
CTTACCGGTCACACGC-1,3
CTTACCGGTCTCCCTA-1,2
CTTACCGGTGATAAAC-1,3
CTTACCGTCTGCAGTA-1,6
CTTAGGAAGCCATCGC-1,3
CTTAGGACAGCCACCA-1,1
CTTAGGACATGATCCA-1,1
CTTAGGAGTCGAGATG-1,1
CTTAGGAGTGTTGGGA-1,7
CTTCTCTAGCAGCCTC-1,1
CTTCTCTCAACACGCC-1,2
CTTCTCTTCCGAGCCA-1,1
CTTCTCTTCCTCAACC-1,3
CTTCTCTTCTGCGGCA-1,3
CTTGGCTAGACCACGA-1,1
CTTGGCTAGATGCCTT-1,2
CTTGGCTAGGCTCAGA-1,3
CTTGGCTCACATTTCT-1,6
CTTGGCTCACCTATCC-1,1
CTTGGCTCAGTGAGTG-1,3
CTTGGCTCATGCCTAA-1,1
CTTGGCTGTAGCCTAT-1,3
CTTGGCTGTTCGTTGA-1,2
CTTGGCTGTTGCCTCT-1,2
CTTGGCTTCCTAGAAC-1,6
CTTGGCTTCGAATCCA-1,1
CTTTGCGAGAGTTGGC-1,3
CTTTGCGAGGAGCGAG-1,5
CTTTGCGAGGGATCTG-1,6
CTTTGCGCACGACTCG-1,1
CTTTGCGCAGATGGGT-1,1
CTTTGCGCAGGGTTAG-1,3
CTTTGCGCATCCTAGA-1,3
CTTTGCGGTACCGAGA-1,3
CTTTGCGGTACCGCTG-1,2
CTTTGCGGTACGAAAT-1,1
CTTTGCGGTCACAAGG-1,4
CTTTGCGGTCACTTCC-1,4
CTTTGCGGTCCCTTGT-1,1
CTTTGCGGTTTAAGCC-1,3
CTTTGCGTCCAGAAGG-1,4
CTTTGCGTCGAGGTAG-1,3
GAAACTCAGTATCTCG-1,5
GAAACTCCACAGGTTT-1,3
GAAACTCCACGGCGTT-1,6
GAAACTCCAGCTCGCA-1,2
GAAACTCCAGTTCCCT-1,3
GAAACTCGTACAGCAG-1,7
GAAACTCGTCCAGTAT-1,3
GAAACTCTCATAAAGG-1,3
GAAACTCTCTTGTACT-1,1
GAAATGACAAATTGCC-1,2
GAAATGACAAGTCTGT-1,2
GAAATGACACCGCTAG-1,5
GAAATGAGTCCAGTTA-1,6
GAAATGATCACAGTAC-1,6
GAAATGATCATTGCGA-1,4
GAAATGATCCTGCTTG-1,3
GAAATGATCGTTACGA-1,3
GAAATGATCTTGCATT-1,4
GAACATCAGCGTGTCC-1,1
GAACATCCAATAGCAA-1,3
GAACATCCACGTAAGG-1,5
GAACATCGTCATATCG-1,1
GAACCTAAGTAGCGGT-1,4
GAACCTACAATCGGTT-1,3
GAACCTACAATGTAAG-1,3
GAACCTACACTTAAGC-1,5
GAACCTACATGGTTGT-1,1
GAACCTAGTATAGGGC-1,3
GAACCTAGTCCGAAGA-1,3
GAACCTATCACTCTTA-1,3
GAACCTATCGTCTGCT-1,2
GAACCTATCTTAACCT-1,2
GAACGGAAGAAGGTTT-1,4
GAACGGAAGACAAAGG-1,1
GAACGGAAGAGAGCTC-1,3
GAACGGAAGCGTGTCC-1,1
GAACGGAAGCTCTCGG-1,3
GAACGGAAGTGTACGG-1,2
GAACGGAAGTTAACGA-1,3
GAACGGACAATCCGAT-1,1
GAACGGACAGGTTTCA-1,4
GAACGGACAGTATCTG-1,2
GAACGGACATGGAATA-1,5
GAACGGAGTACTTGAC-1,1
GAACGGAGTAGCTAAA-1,2
GAACGGATCTTAGCCC-1,3
GAAGCAGCAAAGTCAA-1,1
GAAGCAGCAAGCGAGT-1,1
GAAGCAGCATCCGTGG-1,2
GAAGCAGGTAAGTGGC-1,2
GAAGCAGGTAGAAAGG-1,3
GAAGCAGGTGTGCCTG-1,2
GAAGCAGTCTGTCTAT-1,7
GAATAAGAGACACTAA-1,1
GAATAAGAGTAGGCCA-1,2
GAATAAGAGTCACGCC-1,3
GAATAAGCACGTAAGG-1,1
GAATAAGGTCAATGTC-1,1
GAATAAGGTCTTCAAG-1,3
GAATAAGGTGTAATGA-1,2
GAATAAGGTTGGTAAA-1,3
GAATAAGTCCACGTTC-1,1
GAATAAGTCGTTGACA-1,5
GAATGAAAGAATCTCC-1,1
GAATGAAAGACAAAGG-1,3
GAATGAACATCACCCT-1,2
GAATGAAGTCGCTTCT-1,1
GAATGAAGTGGTAACG-1,1
GAATGAATCTAAGCCA-1,2
GAATGAATCTCGATGA-1,2
GACACGCAGGGTTTCT-1,1
GACACGCAGTGGTAAT-1,2
GACACGCCAGCTCGAC-1,4
GACACGCCAGGGTTAG-1,1
GACACGCGTTCGTTGA-1,1
GACACGCGTTTAGCTG-1,3
GACACGCTCGACCAGC-1,2
GACAGAGAGCGTCAAG-1,2
GACAGAGAGGCGTACA-1,6
GACAGAGCACCTGGTG-1,3
GACAGAGGTAAATGAC-1,1
GACAGAGGTATAGGGC-1,3
GACAGAGGTCCTCCAT-1,2
GACAGAGGTTGAGTTC-1,5
GACAGAGGTTTGTTTC-1,1
GACAGAGTCCATTCTA-1,2
GACAGAGTCGGTGTCG-1,2
GACAGAGTCGTCTGCT-1,5
GACCAATAGCAATATG-1,3
GACCAATCACAGAGGT-1,5
GACCAATCACCCATGG-1,5
GACCAATCATCGGGTC-1,5
GACCAATGTTGCTCCT-1,4
GACCAATTCACGCGGT-1,1
GACCAATTCTCTAGGA-1,3
GACCAATTCTTGCATT-1,2
GACCTGGAGACTAGGC-1,2
GACCTGGAGATGTCGG-1,5
GACCTGGAGATGTGGC-1,3
GACCTGGAGTGGGTTG-1,4
GACCTGGGTATGAAAC-1,1
GACCTGGGTCACAAGG-1,1
GACCTGGGTGCAACTT-1,1
GACCTGGGTTCCAACA-1,1
GACCTGGGTTGAACTC-1,3
GACCTGGTCTAACTGG-1,1
GACGCGTAGCAAATCA-1,2
GACGCGTAGTATCGAA-1,2
GACGCGTAGTGATCGG-1,3
GACGCGTCACAAGCCC-1,3
GACGCGTCACTCTGTC-1,1
GACGCGTGTCGATTGT-1,3
GACGCGTGTGTGAATA-1,4
GACGCGTGTTATGCGT-1,6
GACGCGTTCCTGCCAT-1,6
GACGGCTAGTCGAGTG-1,4
GACGGCTAGTGCAAGC-1,7
GACGGCTCAAGCGCTC-1,2
GACGGCTCAAGCTGAG-1,2
GACGGCTCACCATCCT-1,3
GACGGCTGTATTCGTG-1,3
GACGGCTTCGCGTAGC-1,1
GACGTGCAGAATTCCC-1,4
GACGTGCCAATGTTGC-1,1
GACGTGCCAGCATGAG-1,1
GACGTGCCAGTCACTA-1,1
GACGTGCCATCTACGA-1,4
GACGTGCGTTAAGTAG-1,2
GACGTGCTCTCTTATG-1,3
GACGTGCTCTGATACG-1,5
GACGTGCTCTGTGCAA-1,3
GACGTTAAGTAACCCT-1,2
GACGTTAAGTGCGATG-1,1
GACGTTACAAGTCATC-1,5
GACGTTACAGATCCAT-1,2
GACGTTAGTCCAGTTA-1,5
GACGTTAGTTACGTCA-1,2
GACGTTATCCTGTAGA-1,6
GACTAACAGGTAGCCA-1,5
GACTAACAGTGAACAT-1,2
GACTAACAGTGAAGTT-1,4
GACTAACAGTTATCGC-1,3
GACTAACCACCTGGTG-1,2
GACTAACCATCACAAC-1,3
GACTAACGTGATGATA-1,6
GACTAACTCATTATCC-1,3
GACTACAAGAAGAAGC-1,3
GACTACAAGCCGCCTA-1,1
GACTACAAGCTGCAAG-1,1
GACTACAAGGCTAGAC-1,1
GACTACAAGGCTCATT-1,1
GACTACAAGGGTTTCT-1,1
GACTACAAGTGGTAGC-1,3
GACTACACATACCATG-1,1
GACTACACATCGGAAG-1,1
GACTACATCAGCTCTC-1,1
GACTACATCCACGTTC-1,2
GACTACATCCGTCAAA-1,6
GACTACATCCTCAATT-1,2
GACTGCGAGAGTCTGG-1,1
GACTGCGAGGGTGTGT-1,1
GACTGCGAGTAGGCCA-1,1
GACTGCGCATTGCGGC-1,2
GACTGCGGTACATGTC-1,1
GACTGCGTCATGCTCC-1,1
GACTGCGTCGATCCCT-1,1
GACTGCGTCTGGGCCA-1,4
GACTGCGTCTTAGCCC-1,1
GAGCAGAAGCGTTGCC-1,5
GAGCAGAAGTTTGCGT-1,1
GAGCAGACAATCAGAA-1,1
GAGCAGACACGCCAGT-1,2
GAGCAGACATCCGGGT-1,1
GAGCAGACATCGGACC-1,1
GAGCAGAGTCCTGCTT-1,3
GAGCAGAGTGAAAGAG-1,1
GAGCAGAGTTGTCGCG-1,5
GAGCAGATCCTCTAGC-1,4
GAGGTGAAGACAAGCC-1,3
GAGGTGAAGCTCCTCT-1,2
GAGGTGACACGGATAG-1,4
GAGGTGAGTCAAAGCG-1,1
GAGGTGAGTCAGTGGA-1,4
GAGGTGAGTTTGCATG-1,3
GAGGTGATCATCTGTT-1,2
GAGTCCGCAGCTATTG-1,6
GAGTCCGCAGTAAGAT-1,2
GAGTCCGCATGCTGGC-1,5
GAGTCCGGTACCGAGA-1,2
GAGTCCGGTCAATACC-1,1
GAGTCCGTCTGCAGTA-1,4
GAGTCCGTCTTGCAAG-1,3
GATCAGTAGAGCAATT-1,4
GATCAGTAGGTAGCCA-1,6
GATCAGTCACATAACC-1,6
GATCAGTCAGATAATG-1,1
GATCAGTGTCATGCCG-1,6
GATCAGTGTTAAGGGC-1,3
GATCAGTGTTGGTTTG-1,1
GATCAGTGTTGTTTGG-1,3
GATCAGTTCCGTCATC-1,3
GATCGATAGAGTAAGG-1,1
GATCGATAGATGCCTT-1,3
GATCGATAGCCAGGAT-1,2
GATCGATAGCGATCCC-1,3
GATCGATAGTCGTACT-1,2
GATCGATCAACTGCTA-1,2
GATCGATCATATACGC-1,1
GATCGATTCAACGGGA-1,1
GATCGATTCTAACTCT-1,1
GATCGCGAGGACACCA-1,4
GATCGCGAGTACGATA-1,1
GATCGCGCAAAGTGCG-1,1
GATCGCGCAATGGATA-1,1
GATCGCGCACACGCTG-1,1
GATCGCGCACATGTGT-1,3
GATCGCGGTCCATGAT-1,1
GATCGCGGTGCGAAAC-1,1
GATCGTAAGATGCGAC-1,2
GATCGTAAGTATCGAA-1,1
GATCGTACAAGTTGTC-1,1
GATCGTACAATACGCT-1,2
GATCGTACAGGACCCT-1,2
GATCGTAGTGCAACTT-1,4
GATCGTAGTGTCCTCT-1,3
GATCGTATCAGTTCGA-1,4
GATCGTATCATGTGGT-1,1
GATCTAGAGACAGGCT-1,3
GATCTAGAGACCGGAT-1,3
GATCTAGAGATTACCC-1,4
GATCTAGAGCCGGTAA-1,3
GATCTAGAGTAACCCT-1,2
GATCTAGAGTCATGCT-1,1
GATCTAGAGTGGGATC-1,1
GATCTAGCACCGCTAG-1,3
GATCTAGCACGCGAAA-1,5
GATCTAGGTTCCATGA-1,1
GATCTAGTCACTCCTG-1,2
GATCTAGTCAGCTGGC-1,4
GATCTAGTCTTGGGTA-1,1
GATGAAACAAGTCATC-1,2
GATGAAAGTAGCGCAA-1,5
GATGAAAGTCTAGGTT-1,3
GATGAAAGTGAGCGAT-1,1
GATGAAATCATTATCC-1,2
GATGAAATCGTTACAG-1,1
GATGAGGAGCACCGCT-1,1
GATGAGGAGCACGCCT-1,2
GATGAGGCATAGAAAC-1,3
GATGAGGTCTCAAGTG-1,3
GATGCTAAGGGTCGAT-1,3
GATGCTACAGGTGGAT-1,3
GATGCTAGTCAATACC-1,2
GATGCTAGTCCGACGT-1,1
GATGCTAGTGCAACTT-1,2
GATGCTATCCATGAGT-1,2
GATTCAGAGGACCACA-1,1
GATTCAGCACGGACAA-1,1
GATTCAGGTAAATACG-1,5
GCAAACTCAACTGGCC-1,1
GCAAACTCAAGCCTAT-1,5
GCAAACTCACGAAATA-1,1
GCAAACTCACTTACGA-1,4
GCAAACTCAGTCACTA-1,1
GCAAACTGTACCGCTG-1,3
GCAAACTGTATATGAG-1,2
GCAAACTGTCCAGTGC-1,6
GCAAACTGTTCACCTC-1,5
GCAAACTTCACCCGAG-1,5
GCAAACTTCACGACTA-1,4
GCAAACTTCTGTGCAA-1,3
GCAATCAAGCGCCTTG-1,5
GCAATCAAGGCCCTTG-1,6
GCAATCACACCAGCAC-1,5
GCAATCACAGTCCTTC-1,3
GCAATCACAGTCGATT-1,3
GCAATCACATCTATGG-1,3
GCAATCAGTAGCGATG-1,1
GCAATCAGTCCCTTGT-1,1
GCAATCAGTGCCTGGT-1,5
GCAATCATCATATCGG-1,3
GCACATAAGCCGTCGT-1,4
GCACATAAGGCAATTA-1,1
GCACATACAAACGTGG-1,1
GCACATACACACAGAG-1,3
GCACATAGTCCGAATT-1,3
GCACATAGTCCGTCAG-1,4
GCACATAGTCGACTGC-1,1
GCACATATCTTAGAGC-1,2
GCACTCTAGCAGCCTC-1,3
GCACTCTAGGGCTTCC-1,1
GCACTCTAGTGTTGAA-1,2
GCACTCTCAAGGGTCA-1,1
GCACTCTCAATCTACG-1,1
GCACTCTCACGCATCG-1,1
GCACTCTCACTTGGAT-1,5
GCACTCTCATACGCCG-1,5
GCACTCTGTAAGGGCT-1,2
GCACTCTGTCCATGAT-1,3
GCACTCTGTGTGTGCC-1,4
GCACTCTGTTACGACT-1,1
GCACTCTGTTACGCGC-1,3
GCACTCTGTTTGTGTG-1,3
GCACTCTTCCGCGTTT-1,4
GCACTCTTCGGTCCGA-1,6
GCAGCCAAGCTACCGC-1,4
GCAGCCACACACCGCA-1,1
GCAGCCAGTCAGAATA-1,7
GCAGCCATCAAACAAG-1,3
GCAGCCATCCCTAACC-1,5
GCAGCCATCCCTTGCA-1,7
GCAGTTAAGATAGTCA-1,1
GCAGTTACAGCTGCAC-1,3
GCAGTTACAGGACCCT-1,3
GCAGTTACAGGTTTCA-1,1
GCAGTTAGTGATGATA-1,1
GCATACACAATGTAAG-1,1
GCATACACAGATAATG-1,2
GCATACACATGCCCGA-1,3
GCATACAGTAATCGTC-1,1
GCATACAGTACGCACC-1,3
GCATACAGTCAAAGCG-1,1
GCATACATCACGCGGT-1,4
GCATACATCCGCAAGC-1,1
GCATACATCGGTCCGA-1,3
GCATACATCTGTACGA-1,4
GCATACATCTTGTTTG-1,2
GCATGATAGAGGGCTT-1,4
GCATGATAGATGTCGG-1,5
GCATGATAGCCACGTC-1,3
GCATGATAGCTCAACT-1,3
GCATGATAGTGCTGCC-1,2
GCATGATCAGCATGAG-1,4
GCATGATCAGTATCTG-1,1
GCATGATGTACTCTCC-1,3
GCATGATGTCGACTAT-1,1
GCATGCGAGAAGGGTA-1,3
GCATGCGAGACTGTAA-1,4
GCATGCGAGCTCCTCT-1,3
GCATGCGAGGGAGTAA-1,1
GCATGCGAGTCATGCT-1,4
GCATGCGAGTCTTGCA-1,1
GCATGCGCAACACGCC-1,1
GCATGCGGTTCGTTGA-1,1
GCATGTAAGGAGCGTT-1,2
GCATGTAAGGAGTTTA-1,4
GCATGTACATGTAGTC-1,1
GCATGTATCGTAGGTT-1,2
GCATGTATCGTGACAT-1,2
GCCAAATCAAACTGCT-1,6
GCCAAATCAAGTCATC-1,2
GCCAAATGTACGCTGC-1,2
GCCAAATGTAGCTGCC-1,1
GCCAAATGTTAAGACA-1,3
GCCAAATTCAGTTCGA-1,1
GCCAAATTCCAAATGC-1,5
GCCTCTAAGATCCCGC-1,2
GCCTCTAGTATTCTCT-1,4
GCCTCTATCCTCGCAT-1,1
GCGACCAAGATGTTAG-1,1
GCGACCACAAGCCCAC-1,1
GCGACCACACAGACAG-1,1
GCGACCACATAGACTC-1,1
GCGACCACATCGATGT-1,3
GCGACCACATGGATGG-1,1
GCGACCAGTCAACTGT-1,3
GCGACCAGTGGCGAAT-1,1
GCGACCATCACAGGCC-1,5
GCGACCATCACCCTCA-1,3
GCGAGAAAGGCGTACA-1,3
GCGAGAAAGGCTCATT-1,1
GCGAGAACAGCTGGCT-1,1
GCGAGAAGTACCCAAT-1,3
GCGAGAAGTCAAAGAT-1,3
GCGAGAAGTCTGATTG-1,2
GCGAGAAGTTCAGGCC-1,4
GCGAGAAGTTTGTTGG-1,4
GCGAGAATCCCGGATG-1,1
GCGAGAATCCGCGTTT-1,3
GCGAGAATCCGTCAAA-1,1
GCGAGAATCGGAGCAA-1,6
GCGAGAATCTCCTATA-1,2
GCGCAACAGAGAGCTC-1,1
GCGCAACAGATAGTCA-1,1
GCGCAACAGCGATATA-1,2
GCGCAACCAAGCGATG-1,3
GCGCAACGTTCTGGTA-1,3
GCGCAACGTTTGTTGG-1,2
GCGCAACTCACTTCAT-1,4
GCGCAACTCTGAGTGT-1,3
GCGCAGTAGACAGGCT-1,2
GCGCAGTAGGCAGGTT-1,2
GCGCAGTCAGACAGGT-1,2
GCGCAGTCAGCTATTG-1,2
GCGCAGTCATTACCTT-1,1
GCGCAGTGTGCGCTTG-1,1
GCGCAGTTCAAACAAG-1,1
GCGCAGTTCCTTGCCA-1,2
GCGCCAACACAGATTC-1,3
GCGCCAAGTTGGTGGA-1,4
GCGCCAATCTACGAGT-1,4
GCGCGATAGGCAATTA-1,1
GCGCGATAGGTGTGGT-1,4
GCGCGATCAAGTCTGT-1,1
GCGCGATCAATGCCAT-1,3
GCGCGATGTACTCGCG-1,4
GCGCGATGTACTTGAC-1,3
GCGCGATGTTGTGGCC-1,5
GCGCGATTCAAACCAC-1,3
GCGCGATTCATGTGGT-1,4
GCGCGATTCCTCGCAT-1,4
GCGCGATTCGTTACGA-1,2
GCGCGATTCTGTCTAT-1,6
GCGCGATTCTGTCTCG-1,5
GCGGGTTAGCTAGCCC-1,4
GCGGGTTAGGATGGAA-1,1
GCGGGTTAGTCAATAG-1,1
GCGGGTTAGTCGATAA-1,1
GCGGGTTCACAGGTTT-1,2
GCGGGTTCAGATCCAT-1,1
GCGGGTTCAGTCAGCC-1,5
GCGGGTTTCGAGGTAG-1,6
GCGGGTTTCGCCAAAT-1,2
GCTCCTAAGGGTCTCC-1,2
GCTCCTAAGTGGGATC-1,3
GCTCCTACACAGACAG-1,1
GCTCCTAGTCTTCGTC-1,3
GCTCCTATCACGGTTA-1,3
GCTCCTATCATCTGCC-1,1
GCTCCTATCCTAGAAC-1,1
GCTCCTATCTCGTTTA-1,5
GCTCTGTAGGAGTTGC-1,1
GCTCTGTAGTGGCACA-1,2
GCTCTGTCACGCTTTC-1,1
GCTCTGTTCCCAACGG-1,2
GCTGCAGAGACGACGT-1,1
GCTGCAGAGCAAATCA-1,1
GCTGCAGAGTATGACA-1,2
GCTGCAGCACGTCAGC-1,2
GCTGCAGCATTTCACT-1,2
GCTGCAGGTACCGTAT-1,2
GCTGCAGGTCGCTTTC-1,6
GCTGCAGGTTGGTAAA-1,1
GCTGCAGTCTACCAGA-1,3
GCTGCGAAGAAACCAT-1,2
GCTGCGACACAGGCCT-1,7
GCTGCGACACTTCGAA-1,3
GCTGCGAGTAAGAGAG-1,2
GCTGCGAGTACCCAAT-1,1
GCTGCGAGTTAGAACA-1,2
GCTGCGATCAAAGACA-1,1
GCTGCGATCAGCCTAA-1,1
GCTGCGATCTGCTTGC-1,2
GCTGCTTAGGCGCTCT-1,1
GCTGCTTCAAGAAAGG-1,5
GCTGCTTCAATCCAAC-1,3
GCTGCTTGTAGCGCAA-1,1
GCTGCTTTCACAATGC-1,2
GCTGGGTAGTACCGGA-1,3
GCTGGGTCACATCTTT-1,6
GCTGGGTCATGGAATA-1,3
GCTGGGTGTCCAGTGC-1,4
GCTGGGTGTTAGTGGG-1,1
GCTGGGTGTTTGTTTC-1,2
GCTGGGTTCCAAACTG-1,1
GCTGGGTTCTCTAGGA-1,2
GCTTCCAAGATCTGCT-1,4
GCTTCCAAGCACGCCT-1,3
GCTTCCACATGGTCTA-1,3
GCTTCCAGTCAAGCGA-1,6
GCTTCCAGTCCCTTGT-1,6
GCTTCCATCCTTGACC-1,1
GCTTGAAAGGAGTACC-1,2
GCTTGAACAATCAGAA-1,2
GCTTGAACACGTAAGG-1,3
GCTTGAAGTAACGCGA-1,3
GCTTGAAGTCAGAGGT-1,2
GCTTGAATCGTCGTTC-1,1
GGAAAGCCAATCGAAA-1,2
GGAAAGCCAGGAATCG-1,3
GGAAAGCGTAGGGACT-1,1
GGAAAGCGTCCGTCAG-1,1
GGAAAGCGTCGGCATC-1,3
GGAAAGCTCAAGCCTA-1,2
GGAAAGCTCACCCTCA-1,2
GGAAAGCTCCGCAGTG-1,2
GGAAAGCTCGCCATAA-1,2
GGAAAGCTCTCACATT-1,5
GGAACTTAGTCAAGGC-1,3
GGAACTTAGTCTCCTC-1,2
GGAACTTGTATTCGTG-1,4
GGAACTTGTTAAGAAC-1,2
GGAACTTTCTACTCAT-1,5
GGAATAAAGGGATCTG-1,2
GGAATAACACATGGGA-1,4
GGAATAACACCAACCG-1,1
GGAATAACACCCATGG-1,2
GGAATAAGTACCTACA-1,2
GGAATAAGTCAATGTC-1,1
GGAATAAGTCCGCTGA-1,1
GGAATAAGTCTCTTAT-1,1
GGAATAATCAGAGCTT-1,4
GGAATAATCATCGATG-1,3
GGAATAATCGCATGAT-1,3
GGAATAATCGGCGGTT-1,3
GGAATAATCTAACTTC-1,5
GGACAAGAGGGTCGAT-1,2
GGACAGAAGCCCAACC-1,1
GGACAGAAGGCCCGTT-1,1
GGACAGAAGGGAACGG-1,3
GGACAGACAGCCTTGG-1,1
GGACAGAGTCAACTGT-1,1
GGACAGATCAACTCTT-1,2
GGACAGATCGAGAACG-1,1
GGACAGATCTTCCTTC-1,2
GGACATTAGATGGCGT-1,6
GGACATTCACATTTCT-1,5
GGACATTCATTACCTT-1,3
GGACATTGTATTCTCT-1,2
GGACATTGTGCGAAAC-1,3
GGACATTGTTGAGTTC-1,3
GGACATTTCCTACAGA-1,2
GGACATTTCGAGGTAG-1,1
GGACGTCCACATTAGC-1,2
GGACGTCCAGCTCGCA-1,4
GGACGTCCATTGGCGC-1,2
GGACGTCGTAGCGATG-1,1
GGACGTCGTATATGGA-1,3
GGACGTCGTCTTGCGG-1,3
GGACGTCGTTGGTAAA-1,1
GGAGCAAAGCCACCTG-1,1
GGAGCAAAGTACACCT-1,5
GGAGCAAAGTATGACA-1,1
GGAGCAACATACAGCT-1,3
GGAGCAAGTATCACCA-1,4
GGAGCAAGTTTGTTGG-1,1
GGAGCAATCAAGCCTA-1,3
GGATGTTAGAAACCAT-1,3
GGATGTTCAAGACGTG-1,4
GGATGTTCATCGACGC-1,4
GGATTACAGACTACAA-1,2
GGATTACAGCTAGTTC-1,3
GGATTACAGCTGTTCA-1,1
GGATTACAGTCTCAAC-1,3
GGATTACCAACTGGCC-1,7
GGATTACCAGCCACCA-1,5
GGATTACCAGCTCCGA-1,2
GGATTACGTCCAGTGC-1,4
GGATTACGTCTCAACA-1,2
GGATTACGTGACTCAT-1,5
GGATTACGTGTGGTTT-1,6
GGATTACTCAACACCA-1,6
GGATTACTCAGCTCGG-1,1
GGATTACTCCAGTAGT-1,1
GGCAATTAGACACGAC-1,1
GGCAATTAGATGTCGG-1,1
GGCAATTAGGTAGCCA-1,5
GGCAATTCAGATGGCA-1,4
GGCAATTGTACCGTTA-1,2
GGCAATTGTACTTCTT-1,3
GGCAATTGTTGATTGC-1,6
GGCAATTTCAGCTCGG-1,1
GGCAATTTCGTCGTTC-1,1
GGCCGATAGGCAAAGA-1,2
GGCCGATCACTCAGGC-1,2
GGCCGATGTATGAAAC-1,1
GGCCGATGTATTAGCC-1,2
GGCGACTAGAAGGCCT-1,6
GGCGACTAGTGTGGCA-1,1
GGCGACTCAAGGACTG-1,2
GGCGACTCAGGTTTCA-1,2
GGCGACTGTAGCCTAT-1,1
GGCGACTGTCGAATCT-1,2
GGCGACTGTGCGATAG-1,1
GGCGACTGTGTGACCC-1,5
GGCGTGTAGAATTGTG-1,5
GGCGTGTAGCAGCGTA-1,5
GGCGTGTCAATCGGTT-1,1
GGCGTGTCAGGGAGAG-1,4
GGCGTGTGTAAATGTG-1,1
GGCGTGTGTCTTCTCG-1,2
GGCGTGTTCCCGACTT-1,2
GGCGTGTTCCGTAGGC-1,4
GGCTCGAAGAATTGTG-1,1
GGCTCGAAGTACCGGA-1,1
GGCTCGACAAAGGAAG-1,1
GGCTCGACACATGGGA-1,3
GGCTCGAGTAAGTGTA-1,7
GGCTCGAGTAGGGTAC-1,1
GGCTCGAGTCAGAAGC-1,1
GGCTCGAGTTCACCTC-1,3
GGCTCGAGTTGGTGGA-1,2
GGCTCGATCAGTTTGG-1,3
GGCTCGATCCTAGGGC-1,2
GGCTGGTAGTCAAGGC-1,4
GGCTGGTCACTGCCAG-1,3
GGCTGGTGTTACAGAA-1,2
GGCTGGTGTTGGTGGA-1,2
GGCTGGTGTTGTTTGG-1,2
GGCTGGTTCTGATACG-1,1
GGCTGGTTCTGCAAGT-1,2
GGGAATGAGAGTTGGC-1,4
GGGAATGAGATAGCAT-1,4
GGGAATGAGTTCGATC-1,3
GGGAATGGTCGCATAT-1,3
GGGACCTAGACCTAGG-1,5
GGGACCTAGATGCCAG-1,5
GGGACCTAGCGTTCCG-1,4
GGGACCTAGTTTAGGA-1,2
GGGACCTCAGGATCGA-1,3
GGGACCTGTCACTGGC-1,1
GGGACCTGTCCTAGCG-1,3
GGGACCTGTCTTGATG-1,2
GGGACCTGTGCCTGGT-1,3
GGGACCTGTGTGGCTC-1,2
GGGACCTTCCAGAAGG-1,6
GGGACCTTCTTGCCGT-1,1
GGGAGATAGAACAACT-1,3
GGGAGATCAGACAGGT-1,4
GGGAGATCATGGTAGG-1,3
GGGAGATCATGGTCAT-1,3
GGGAGATGTCAGAAGC-1,2
GGGAGATGTGCTCTTC-1,3
GGGAGATGTTATGCGT-1,5
GGGAGATTCCAGGGCT-1,4
GGGAGATTCGCGTTTC-1,5
GGGAGATTCGCTTGTC-1,2
GGGAGATTCTACGAGT-1,1
GGGAGATTCTCAAACG-1,2
GGGAGATTCTGGGCCA-1,2
GGGATGAAGAAACGCC-1,3
GGGATGAAGCGCCTCA-1,2
GGGATGACAGCTGCTG-1,2
GGGATGACATTATCTC-1,1
GGGATGAGTCATGCCG-1,1
GGGATGAGTTCGTTGA-1,5
GGGATGATCTCGCATC-1,4
GGGCACTAGCAGACTG-1,2
GGGCACTAGCGCCTCA-1,2
GGGCACTAGGAATGGA-1,3
GGGCACTAGTGACATA-1,3
GGGCACTAGTTCGATC-1,6
GGGCACTCAAACCCAT-1,2
GGGCACTCAACGATCT-1,4
GGGCACTCAAGGGTCA-1,4
GGGCACTCACCAGGTC-1,1
GGGCACTCACGCCAGT-1,2
GGGCACTCATATGCTG-1,1
GGGCACTCATCGGAAG-1,2
GGGCACTGTTTCGCTC-1,1
GGGCACTGTTTGGCGC-1,3
GGGCATCAGGCTAGCA-1,3
GGGCATCCATGTCTCC-1,6
GGGCATCGTAGCCTCG-1,5
GGGTCTGAGTAGATGT-1,3
GGGTCTGCAACACCTA-1,1
GGGTCTGCACCAGCAC-1,5
GGGTCTGCACGACGAA-1,5
GGGTCTGCAGCCTATA-1,2
GGGTCTGCATCGGACC-1,2
GGGTCTGTCAAGCCTA-1,1
GGGTTGCAGTATTGGA-1,1
GGGTTGCCACTACAGT-1,1
GGGTTGCCAGAGTGTG-1,3
GGGTTGCGTCCTAGCG-1,1
GGGTTGCGTGGAAAGA-1,1
GGGTTGCGTTGATTGC-1,4
GGGTTGCTCAGTCCCT-1,7
GGGTTGCTCATTTGGG-1,3
GGGTTGCTCCCAAGAT-1,1
GGGTTGCTCCGGCACA-1,4
GGGTTGCTCTCTTGAT-1,2
GGTATTGAGATGCCAG-1,1
GGTATTGAGTGCCAGA-1,3
GGTATTGGTTGTCGCG-1,1
GGTATTGTCAGAGCTT-1,1
GGTATTGTCGAACGGA-1,6
GGTATTGTCTGGTGTA-1,2
GGTGAAGAGAGGTTAT-1,2
GGTGAAGAGATGTGTA-1,5
GGTGAAGAGGCAATTA-1,3
GGTGAAGAGTGATCGG-1,1
GGTGAAGCAAACTGTC-1,1
GGTGAAGCAACCGCCA-1,1
GGTGAAGCACTCGACG-1,3
GGTGAAGGTAGAGTGC-1,1
GGTGAAGTCCTTTACA-1,1
GGTGAAGTCGGAGCAA-1,7
GGTGAAGTCTTAGCCC-1,1
GGTGCGTAGATCTGAA-1,2
GGTGCGTAGCGCCTTG-1,1
GGTGCGTAGTGCGTGA-1,5
GGTGCGTAGTGTACGG-1,3
GGTGCGTCAACTGGCC-1,2
GGTGCGTCACAGCCCA-1,5
GGTGCGTCATGACATC-1,2
GGTGCGTGTCAAGCGA-1,7
GGTGCGTTCAACGAAA-1,4
GGTGCGTTCCCTCTTT-1,1
GGTGCGTTCGTGGACC-1,4
GGTGTTAAGACTGGGT-1,5
GGTGTTAAGGAATTAC-1,7
GGTGTTAAGGAGTTGC-1,1
GGTGTTACACACCGAC-1,5
GGTGTTACATCGGTTA-1,1
GGTGTTAGTTAAGAAC-1,2
GGTGTTAGTTTAGGAA-1,6
GGTGTTATCCTGTACC-1,3
GGTGTTATCGTTTATC-1,2
GGTGTTATCTTGTATC-1,1
GTAACGTAGCGTGAAC-1,1
GTAACGTAGGCCCTTG-1,3
GTAACGTAGTGCAAGC-1,1
GTAACGTCAATACGCT-1,2
GTAACGTCAGCCACCA-1,1
GTAACGTGTCCTCCAT-1,1
GTAACGTGTCTAAACC-1,3
GTAACGTTCAGCGACC-1,4
GTAACGTTCCAGGGCT-1,1
GTAACGTTCTGTCAAG-1,1
GTAACTGAGACAGAGA-1,1
GTAACTGAGACGCACA-1,3
GTAACTGAGACTACAA-1,2
GTAACTGAGACTTTCG-1,4
GTAACTGAGATCCCAT-1,2
GTAACTGAGATGCCAG-1,3
GTAACTGAGGCGTACA-1,5
GTAACTGAGTTCCACA-1,5
GTAACTGCAATGTAAG-1,3
GTAACTGCACCGAATT-1,3
GTAACTGCAGATGAGC-1,1
GTAACTGGTACATCCA-1,1
GTAACTGGTCTGGAGA-1,2
GTAACTGGTGCTGTAT-1,1
GTAACTGGTTCTGTTT-1,1
GTAACTGTCCACGCAG-1,2
GTAACTGTCGACGGAA-1,2
GTAACTGTCGGCCGAT-1,2
GTAACTGTCTGGTTCC-1,6
GTAACTGTCTTGTTTG-1,3
GTACGTAAGCTAACTC-1,5
GTACGTAAGGATTCGG-1,3
GTACGTACACCAGGCT-1,1
GTACGTACATCTACGA-1,2
GTACGTATCCACTGGG-1,3
GTACGTATCGAATGCT-1,2
GTACGTATCGCCATAA-1,2
GTACGTATCTGCCCTA-1,5
GTACTCCCATTATCTC-1,3
GTACTCCGTAGAGCTG-1,3
GTACTCCGTAGCGTGA-1,4
GTACTCCGTGATGTGG-1,2
GTACTCCTCATGTAGC-1,1
GTACTCCTCCAACCAA-1,3
GTACTCCTCTTAACCT-1,3
GTACTCCTCTTGCCGT-1,1
GTACTTTCAAACTGTC-1,2
GTACTTTCAGTAACGG-1,2
GTACTTTGTGACGGTA-1,1
GTACTTTTCACAGTAC-1,2
GTACTTTTCGTGTAGT-1,2
GTAGGCCAGAGTAATC-1,1
GTAGGCCAGCCAGTAG-1,4
GTAGGCCAGGCTAGCA-1,3
GTAGGCCAGGTTACCT-1,4
GTAGGCCAGTTACGGG-1,4
GTAGGCCCACATCCAA-1,1
GTAGGCCCACTCGACG-1,1
GTAGGCCCAGCGTAAG-1,4
GTAGGCCGTCCTGCTT-1,1
GTAGGCCGTTTCCACC-1,1
GTAGGCCTCACCGTAA-1,2
GTAGGCCTCAGAAATG-1,1
GTAGTCACAAAGGAAG-1,3
GTAGTCACAGCTTCGG-1,3
GTAGTCAGTATAATGG-1,2
GTAGTCAGTATGAAAC-1,5
GTAGTCAGTCACCCAG-1,1
GTAGTCATCCGTCATC-1,1
GTAGTCATCGCGATCG-1,3
GTAGTCATCGGCCGAT-1,2
GTATCTTCACGGATAG-1,1
GTATCTTCATTCGACA-1,1
GTATCTTGTGCGAAAC-1,4
GTATCTTGTGTTTGTG-1,6
GTATTCTAGCTAGGCA-1,4
GTATTCTCAGAGTGTG-1,2
GTATTCTCAGGCTGAA-1,1
GTATTCTCATCCGGGT-1,1
GTATTCTGTATCAGTC-1,1
GTATTCTGTTCAACCA-1,4
GTATTCTGTTCCACTC-1,1
GTATTCTGTTCGAATC-1,1
GTATTCTTCCCATTAT-1,4
GTATTCTTCCTGCCAT-1,3
GTCAAGTAGCGCTCCA-1,4
GTCAAGTCACAGGCCT-1,2
GTCAAGTTCAGATAAG-1,1
GTCAAGTTCTGCCAGG-1,1
GTCACAAAGCGATCCC-1,2
GTCACAACACAGCGTC-1,1
GTCACAACACGGATAG-1,2
GTCACAAGTAAGAGGA-1,3
GTCACAATCCTCTAGC-1,5
GTCACAATCGTCTGCT-1,2
GTCACGGAGAAACGCC-1,4
GTCACGGAGATATGGT-1,1
GTCACGGCAAAGTCAA-1,5
GTCACGGCATTTGCTT-1,3
GTCACGGGTACAGCAG-1,2
GTCACGGGTCCGTCAG-1,1
GTCACGGGTGGTAACG-1,1
GTCATTTAGGCAATTA-1,5
GTCATTTCAACTTGAC-1,1
GTCATTTCACATAACC-1,3
GTCATTTCATCACGAT-1,3
GTCATTTCATCGGTTA-1,1
GTCATTTCATCGTCGG-1,2
GTCATTTGTCAAGCGA-1,3
GTCATTTGTGCAGACA-1,1
GTCATTTTCAACGGCC-1,1
GTCATTTTCCTTGGTC-1,3
GTCATTTTCGCCTGTT-1,1
GTCCTCACAAGCTGAG-1,3
GTCCTCACACAACGTT-1,4
GTCCTCAGTAAATGAC-1,6
GTCCTCAGTAATTGGA-1,2
GTCCTCAGTCTAGGTT-1,2
GTCCTCAGTTTGGGCC-1,1
GTCCTCATCGTGGACC-1,6
GTCCTCATCTTTAGGG-1,4
GTCGGGTAGCACAGGT-1,5
GTCGGGTAGCTACCTA-1,1
GTCGGGTAGTGGGTTG-1,3
GTCGGGTGTACAGCAG-1,1
GTCGGGTGTCACTGGC-1,5
GTCGGGTGTCAGATAA-1,2
GTCGGGTGTCTAGCCG-1,4
GTCGGGTGTGGGTATG-1,6
GTCGGGTTCCAGAGGA-1,2
GTCGGGTTCTCGCATC-1,1
GTCGTAAAGGCATTGG-1,1
GTCGTAACAACAACCT-1,1
GTCGTAACATGAGCGA-1,3
GTCGTAACATTAACCG-1,3
GTCGTAAGTAAGTAGT-1,2
GTCGTAAGTCCGTTAA-1,1
GTCGTAAGTTATTCTC-1,4
GTCGTAATCGCTGATA-1,6
GTCGTAATCTGGTTCC-1,3
GTCTCGTAGACCGGAT-1,1
GTCTCGTAGCCCAGCT-1,1
GTCTCGTAGTGGTAGC-1,1
GTCTCGTCACGTCAGC-1,6
GTCTCGTCATACTACG-1,5
GTCTCGTGTAAGAGAG-1,2
GTCTCGTGTACAAGTA-1,3
GTCTCGTGTTCGGGCT-1,2
GTCTCGTTCGTTTATC-1,1
GTCTTCGAGACTCGGA-1,1
GTCTTCGAGCTAGTGG-1,1
GTCTTCGAGGCCCTTG-1,1
GTCTTCGAGGCGCTCT-1,2
GTCTTCGCAAGAAGAG-1,3
GTCTTCGGTGTGAATA-1,2
GTCTTCGTCCGCATCT-1,1
GTGAAGGAGGATCGCA-1,3
GTGAAGGAGGCATGTG-1,4
GTGAAGGGTCAGAGGT-1,5
GTGAAGGGTCAGATAA-1,1
GTGAAGGGTCTGGAGA-1,3
GTGAAGGGTGCTTCTC-1,1
GTGAAGGTCTATCCTA-1,6
GTGAAGGTCTTGTATC-1,6
GTGCAGCAGGCGCTCT-1,3
GTGCAGCCAGGCAGTA-1,3
GTGCAGCGTTCAGACT-1,4
GTGCAGCTCACAACGT-1,5
GTGCAGCTCACGATGT-1,4
GTGCAGCTCATCGCTC-1,3
GTGCAGCTCCGAACGC-1,2
GTGCAGCTCGGTTCGG-1,3
GTGCAGCTCTCGTATT-1,6
GTGCAGCTCTGGAGCC-1,1
GTGCATAAGATACACA-1,3
GTGCATAAGCTGTCTA-1,2
GTGCATAAGGCTACGA-1,1
GTGCATACACACGCTG-1,2
GTGCATACACATTAGC-1,5
GTGCATACATAAAGGT-1,2
GTGCATAGTTCCTCCA-1,5
GTGCATATCCTTTCTC-1,4
GTGCGGTAGTCCATAC-1,3
GTGCGGTGTCGACTAT-1,3
GTGCGGTGTCTCGTTC-1,3
GTGCGGTGTTGGACCC-1,1
GTGCGGTGTTGGTTTG-1,1
GTGCGGTTCACGATGT-1,5
GTGCGGTTCAGTTTGG-1,1
GTGCGGTTCGTACCGG-1,1
GTGCGGTTCTCGTTTA-1,1
GTGCTTCGTAAAGTCA-1,2
GTGCTTCGTACAGTGG-1,4
GTGCTTCGTTAAGGGC-1,2
GTGCTTCGTTCCCGAG-1,1
GTGCTTCTCATGTGGT-1,2
GTGCTTCTCGACAGCC-1,3
GTGGGTCAGAGATGAG-1,2
GTGGGTCAGCTAGGCA-1,3
GTGGGTCGTAAATACG-1,6
GTGGGTCTCTAACTTC-1,2
GTGTGCGCACGGACAA-1,3
GTGTGCGCAGGTCCAC-1,3
GTGTGCGGTCTTGATG-1,4
GTGTGCGGTGAAATCA-1,4
GTGTGCGGTTCAGGCC-1,6
GTGTGCGTCACTTACT-1,1
GTGTGCGTCGGCTTGG-1,1
GTGTGCGTCGGGAGTA-1,3
GTGTTAGAGAATCTCC-1,2
GTGTTAGAGAGCTGGT-1,2
GTGTTAGCAAGCCGTC-1,2
GTGTTAGCAAGTACCT-1,1
GTGTTAGGTAATTGGA-1,1
GTGTTAGGTTACCAGT-1,1
GTGTTAGTCAACACTG-1,2
GTGTTAGTCACGAAGG-1,2
GTGTTAGTCATGGTCA-1,3
GTGTTAGTCGCATGAT-1,2
GTTAAGCAGTGAAGAG-1,2
GTTAAGCAGTGTACCT-1,1
GTTAAGCCAAACCCAT-1,2
GTTAAGCCACTGTGTA-1,3
GTTAAGCGTCGCCATG-1,1
GTTAAGCGTGCAACGA-1,4
GTTAAGCTCAACACAC-1,1
GTTAAGCTCTCAAGTG-1,2
GTTAAGCTCTTTACGT-1,1
GTTACAGCACTGAAGG-1,4
GTTACAGCATATGCTG-1,3
GTTACAGCATGCCCGA-1,3
GTTACAGTCTACCAGA-1,5
GTTCATTAGCGGATCA-1,3
GTTCATTAGTCGATAA-1,5
GTTCATTCAATGGAGC-1,2
GTTCATTGTGGGTATG-1,3
GTTCGGGAGGCAGGTT-1,4
GTTCGGGAGTGCCATT-1,1
GTTCGGGCAGGAATGC-1,1
GTTCGGGCATACTACG-1,7
GTTCGGGCATCGATTG-1,2
GTTCGGGGTAAGTAGT-1,6
GTTCGGGGTCTAGTCA-1,5
GTTCGGGGTTCCGGCA-1,2
GTTCGGGGTTGGTTTG-1,2
GTTCGGGTCAGTTAGC-1,5
GTTCGGGTCTGTCTAT-1,2
GTTCTCGAGAAAGTGG-1,1
GTTCTCGAGACTCGGA-1,3
GTTCTCGAGGATGTAT-1,2
GTTCTCGAGGCAAAGA-1,2
GTTCTCGAGGCTCTTA-1,2
GTTCTCGCAGGCGATA-1,3
GTTCTCGCATCCGTGG-1,2
GTTCTCGCATCGATTG-1,2
GTTCTCGGTGGCTCCA-1,3
GTTCTCGTCACCTCGT-1,3
GTTTCTAAGGGTTTCT-1,2
GTTTCTACAAGCCGTC-1,2
GTTTCTACAAGCCTAT-1,5
GTTTCTACACATGACT-1,3
GTTTCTAGTAGTACCT-1,1
GTTTCTAGTGCACGAA-1,4
GTTTCTAGTGCCTGGT-1,2
GTTTCTAGTTACGCGC-1,1
GTTTCTATCACTTATC-1,1
GTTTCTATCGAATGGG-1,3
GTTTCTATCGAGAACG-1,6
TAAACCGAGGTCGGAT-1,6
TAAACCGCAATCTACG-1,4
TAAACCGGTGCAACTT-1,1
TAAACCGTCGCGATCG-1,6
TAAACCGTCTGGGCCA-1,3
TAAGAGAAGAGTACAT-1,6
TAAGAGAAGATATGCA-1,3
TAAGAGACAATGTAAG-1,2
TAAGAGACACACGCTG-1,3
TAAGAGACACGTTGGC-1,1
TAAGAGACATCACCCT-1,4
TAAGAGACATCTATGG-1,1
TAAGAGACATGGTCAT-1,2
TAAGAGAGTTATTCTC-1,3
TAAGAGATCCATGCTC-1,2
TAAGAGATCGCCGTGA-1,5
TAAGCGTAGCGAGAAA-1,2
TAAGCGTAGGGCTTGA-1,3
TAAGCGTAGTGGAGTC-1,2
TAAGCGTCAAAGCGGT-1,1
TAAGCGTCAAGAAAGG-1,2
TAAGCGTCATGTCTCC-1,2
TAAGCGTGTGCTAGCC-1,4
TAAGCGTTCACATAGC-1,3
TAAGTGCAGACTTTCG-1,5
TAAGTGCAGGACTGGT-1,3
TAAGTGCAGGCTAGCA-1,1
TAAGTGCCAAGTCTAC-1,4
TAAGTGCCACATCTTT-1,2
TAAGTGCCACCGAAAG-1,2
TAAGTGCCAGTGGGAT-1,3
TAAGTGCGTCCAGTAT-1,2
TAAGTGCTCAACGCTA-1,1
TACACGAAGCGCTCCA-1,6
TACACGAAGTATTGGA-1,3
TACACGAAGTCCGGTC-1,1
TACACGAAGTGATCGG-1,5
TACACGAAGTTAAGTG-1,5
TACACGAAGTTGAGTA-1,1
TACACGAGTAGCGCTC-1,3
TACACGATCACAAACC-1,6
TACACGATCACTTATC-1,2
TACACGATCATTATCC-1,3
TACACGATCCAAGCCG-1,2
TACACGATCGTTTAGG-1,4
TACACGATCTACGAGT-1,1
TACACGATCTCTGTCG-1,4
TACAGTGCAATCTGCA-1,6
TACAGTGGTCGAACAG-1,1
TACAGTGGTCTCCCTA-1,2
TACAGTGGTCTGGTCG-1,1
TACAGTGGTGCCTGGT-1,2
TACAGTGGTGTGACGA-1,1
TACAGTGTCTCCCTGA-1,3
TACAGTGTCTTGTACT-1,5
TACCTATAGTGAACAT-1,2
TACCTATGTAGCGTAG-1,5
TACCTATTCAGCATGT-1,2
TACCTATTCAGTGCAT-1,1
TACCTATTCTCAACTT-1,3
TACCTTAAGTACCGGA-1,2
TACCTTAAGTTCCACA-1,1
TACCTTACAAATTGCC-1,4
TACCTTACAATAACGA-1,1
TACCTTACACGCCAGT-1,2
TACCTTAGTACCGCTG-1,5
TACCTTAGTGCGAAAC-1,3
TACCTTATCAGAAATG-1,4
TACCTTATCCTTCAAT-1,2
TACGGATAGAATTGTG-1,6
TACGGATAGCACAGGT-1,1
TACGGATAGCTGAAAT-1,2
TACGGATAGTTCGATC-1,4
TACGGATTCATGCAAC-1,1
TACGGATTCCGTTGTC-1,1
TACGGGCAGCTAGTCT-1,2
TACGGGCAGTACGTTC-1,3
TACGGGCCAATCACAC-1,3
TACGGGCCATTCTTAC-1,6
TACGGGCGTTCTGAAC-1,1
TACGGGCTCAGTACGT-1,3
TACGGGCTCGCCTGTT-1,1
TACGGTAAGATATGGT-1,2
TACGGTAAGCGTGTCC-1,6
TACGGTACAAGAAGAG-1,5
TACGGTACATATGAGA-1,3
TACGGTAGTAGCGATG-1,3
TACGGTAGTCAATGTC-1,4
TACGGTAGTCTAGGTT-1,3
TACGGTATCATGCTCC-1,1
TACGGTATCGATCCCT-1,4
TACGGTATCGCGGATC-1,4
TACTCATCACAGCCCA-1,2
TACTCATCACTTAACG-1,1
TACTCATGTGAAGGCT-1,2
TACTCATTCCAGGGCT-1,5
TACTCGCAGCACCGTC-1,2
TACTCGCAGGACGAAA-1,3
TACTCGCAGGCATTGG-1,1
TACTCGCAGGGTGTGT-1,1
TACTCGCAGTGTTTGC-1,3
TACTCGCCACGGTTTA-1,2
TACTCGCCAGGATTGG-1,1
TACTCGCGTAACGTTC-1,3
TACTCGCGTAGGACAC-1,6
TACTCGCGTCATTAGC-1,2
TACTCGCGTGGTCTCG-1,1
TACTCGCTCAGAGACG-1,1
TACTTACAGCGTAATA-1,1
TACTTACCACCAGCAC-1,2
TACTTACGTCAAACTC-1,1
TACTTACGTCGAACAG-1,6
TACTTACGTGCGAAAC-1,4
TACTTACTCACCAGGC-1,5
TACTTACTCCCAACGG-1,1
TACTTACTCCTATGTT-1,5
TACTTGTAGAGCTTCT-1,1
TACTTGTAGAGTGAGA-1,2
TACTTGTAGATCTGAA-1,4
TACTTGTCAGTTAACC-1,3
TACTTGTGTCCCGACA-1,5
TACTTGTGTCGGCACT-1,3
TACTTGTGTCTCTCTG-1,6
TACTTGTTCCGTCAAA-1,3
TACTTGTTCTACCTGC-1,3
TAGACCAAGCATGGCA-1,3
TAGACCAAGGGCATGT-1,4
TAGACCAAGTGACATA-1,1
TAGACCACACATGACT-1,3
TAGACCACAGGGCATA-1,6
TAGACCACATTGAGCT-1,2
TAGACCAGTATATGGA-1,2
TAGACCAGTGTTCGAT-1,4
TAGACCAGTTCCCTTG-1,5
TAGACCATCCAGGGCT-1,3
TAGACCATCGTCCAGG-1,1
TAGAGCTAGGTGATAT-1,4
TAGAGCTCAAGGACTG-1,2
TAGAGCTCAGGAACGT-1,5
TAGAGCTGTGACTCAT-1,3
TAGAGCTTCGAATGGG-1,4
TAGAGCTTCGTAGGAG-1,2
TAGCCGGAGACTAGGC-1,3
TAGCCGGAGACTGTAA-1,2
TAGCCGGCACCAGCAC-1,3
TAGCCGGCATGACGGA-1,1
TAGCCGGGTCGCTTTC-1,5
TAGCCGGGTTAGGGTG-1,1
TAGCCGGTCCGGGTGT-1,2
TAGGCATAGACGCACA-1,3
TAGGCATAGGATCGCA-1,1
TAGGCATAGTACGTAA-1,6
TAGGCATAGTGAAGTT-1,2
TAGGCATAGTGGACGT-1,3
TAGGCATCACTGAAGG-1,3
TAGGCATCATAAGACA-1,2
TAGGCATGTCAGCTAT-1,2
TAGGCATGTGACAAAT-1,5
TAGGCATTCAGCTTAG-1,1
TAGGCATTCTTGTTTG-1,3
TAGTGGTAGATAGGAG-1,2
TAGTGGTAGTGCGATG-1,1
TAGTGGTCACAACGTT-1,4
TAGTGGTCACTGTCGG-1,6
TAGTGGTGTCCTCTTG-1,3
TAGTGGTGTGCAACTT-1,2
TAGTGGTGTGCAGGTA-1,6
TAGTGGTTCAGGTTCA-1,3
TAGTGGTTCAGTCCCT-1,1
TAGTGGTTCCTAGTGA-1,2
TAGTGGTTCTCAAACG-1,3
TAGTTGGCAGATCCAT-1,4
TAGTTGGCAGATGAGC-1,1
TAGTTGGCAGTGAGTG-1,2
TAGTTGGGTAGCGTGA-1,1
TAGTTGGTCTCCAGGG-1,3
TATCAGGAGCCGCCTA-1,3
TATCAGGAGCGCTCCA-1,2
TATCAGGAGCTCAACT-1,3
TATCAGGAGCTGAAAT-1,2
TATCAGGCAACGCACC-1,2
TATCAGGCAAGAAAGG-1,5
TATCAGGCACACGCTG-1,3
TATCAGGCATTTGCCC-1,1
TATCAGGGTCTTCTCG-1,2
TATCAGGGTGACGGTA-1,3
TATCAGGGTTCCACGG-1,1
TATCAGGTCTGCTTGC-1,3
TATCTCACAAACCCAT-1,1
TATCTCACATCCTTGC-1,5
TATCTCACATGGTCTA-1,3
TATCTCAGTTTGCATG-1,2
TATCTCATCCCTAATT-1,4
TATCTCATCCCTCAGT-1,1
TATGCCCAGAAACCGC-1,1
TATGCCCAGGACATTA-1,2
TATGCCCCAAGCTGAG-1,1
TATGCCCCATGGTCAT-1,3
TATGCCCGTAGATTAG-1,1
TATGCCCGTCCGCTGA-1,3
TATGCCCTCACAGTAC-1,5
TATGCCCTCATCGCTC-1,2
TATGCCCTCTAACTTC-1,1
TATTACCAGAGTCGGT-1,5
TATTACCAGGCTACGA-1,5
TATTACCCAGACACTT-1,3
TATTACCCATGATCCA-1,1
TATTACCGTGCAGGTA-1,3
TATTACCTCAGTCCCT-1,5
TATTACCTCGCTTGTC-1,2
TCAACGAAGGGCTCTC-1,2
TCAACGACAAGTTCTG-1,6
TCAACGACAATAGCGG-1,2
TCAACGACACGAAATA-1,5
TCAACGAGTAACGACG-1,5
TCAACGAGTGTGACCC-1,2
TCAACGAGTTGGTGGA-1,1
TCAACGATCCCTCTTT-1,1
TCAACGATCCGCATAA-1,5
TCAACGATCGTCACGG-1,3
TCAATCTCAGCGTCCA-1,1
TCAATCTCAGTCAGAG-1,2
TCAATCTCATGGATGG-1,6
TCAATCTGTAAATGAC-1,1
TCAATCTGTAGCTGCC-1,4
TCAATCTGTTCGTCTC-1,3
TCAATCTTCAGAGACG-1,4
TCACAAGAGGACATTA-1,1
TCACAAGAGGTGACCA-1,2
TCACAAGAGTCTCGGC-1,1
TCACAAGAGTGAAGTT-1,1
TCACAAGCACCGCTAG-1,2
TCACAAGCATATGAGA-1,4
TCACAAGGTGGCAAAC-1,5
TCACAAGGTTAAGGGC-1,6
TCACAAGGTTGTGGAG-1,3
TCACAAGTCATCTGTT-1,1
TCACAAGTCCGCGCAA-1,2
TCACAAGTCGCGATCG-1,1
TCACGAAAGCCACGCT-1,3
TCACGAAAGCTAACTC-1,2
TCACGAAAGGCGCTCT-1,1
TCACGAAAGGTGATAT-1,1
TCACGAAAGTCCGGTC-1,3
TCACGAACAATCGAAA-1,4
TCACGAACAGTACACT-1,1
TCACGAACATCACGTA-1,2
TCACGAACATGCAACT-1,3
TCACGAAGTAGCTGCC-1,2
TCACGAAGTCAGATAA-1,2
TCACGAAGTGTAAGTA-1,2
TCACGAATCGCATGGC-1,1
TCACGAATCTATGTGG-1,4
TCAGATGAGGGCTCTC-1,1
TCAGATGAGTACGTAA-1,3
TCAGATGAGTCACGCC-1,5
TCAGATGCAATGAATG-1,5
TCAGATGTCATTATCC-1,4
TCAGATGTCCGTCATC-1,1
TCAGATGTCTATCGCC-1,6
TCAGCAAAGAAGGTTT-1,5
TCAGCAAAGCCAACAG-1,5
TCAGCAAAGGCCCTCA-1,3
TCAGCAACAAATACAG-1,2
TCAGCAACATACGCCG-1,4
TCAGCAATCAACACGT-1,4
TCAGCAATCGCCATAA-1,2
TCAGCTCAGCGCTTAT-1,2
TCAGCTCCAAACCTAC-1,5
TCAGCTCCAAATACAG-1,2
TCAGCTCCAATGAATG-1,1
TCAGCTCCATCCTTGC-1,2
TCAGCTCGTGATAAGT-1,7
TCAGCTCGTGCACTTA-1,3
TCAGCTCTCATTATCC-1,2
TCAGCTCTCCGGGTGT-1,2
TCAGCTCTCTACTTAC-1,2
TCAGCTCTCTTCGAGA-1,1
TCAGGATAGCTAAGAT-1,4
TCAGGATAGTTGTAGA-1,1
TCAGGATCACACTGCG-1,2
TCAGGATCATTGGGCC-1,1
TCAGGATTCCAAAGTC-1,2
TCAGGTAAGGAGTTTA-1,2
TCAGGTACACTCTGTC-1,4
TCAGGTACACTGTCGG-1,6
TCAGGTACAGGACCCT-1,4
TCAGGTACATATGAGA-1,2
TCAGGTAGTAAATGTG-1,1
TCAGGTAGTACGCACC-1,6
TCAGGTAGTACTCAAC-1,6
TCAGGTAGTCCGAGTC-1,1
TCAGGTAGTGACCAAG-1,1
TCAGGTATCCTCGCAT-1,2
TCATTACAGATGCGAC-1,2
TCATTACAGGTGACCA-1,2
TCATTACCAAAGGTGC-1,3
TCATTACCACAGGAGT-1,1
TCATTACGTCCAGTAT-1,6
TCATTACGTTGCCTCT-1,4
TCATTTGAGGCTAGCA-1,3
TCATTTGAGTCCGGTC-1,2
TCATTTGAGTTAGGTA-1,1
TCATTTGCAATCTGCA-1,6
TCATTTGCATAGACTC-1,6
TCATTTGGTATATGGA-1,1
TCATTTGGTCTCATCC-1,3
TCATTTGGTGATAAGT-1,2
TCATTTGTCCACGACG-1,2
TCATTTGTCCATGAAC-1,1
TCCACACAGTCTTGCA-1,1
TCCACACCATATGGTC-1,4
TCCACACCATCTCGCT-1,3
TCCACACGTAGAGTGC-1,3
TCCACACGTCGCGGTT-1,4
TCCACACGTGCAACTT-1,1
TCCACACGTTTACTCT-1,3
TCCACACTCACGCGGT-1,3
TCCACACTCCAAGTAC-1,3
TCCACACTCGCCTGAG-1,5
TCCACACTCTCATTCA-1,1
TCCCGATAGCGAGAAA-1,4
TCCCGATAGCGTAGTG-1,6
TCCCGATAGCTGAAAT-1,1
TCCCGATAGGGAACGG-1,4
TCCCGATAGTACGTAA-1,3
TCCCGATAGTCAAGGC-1,4
TCCCGATCACCCATTC-1,2
TCCCGATCAGGACCCT-1,4
TCCCGATGTAAGTTCC-1,7
TCCCGATGTAGAAAGG-1,2
TCCCGATGTCTTGTCC-1,3
TCCCGATGTGTAATGA-1,1
TCCCGATGTTCTGTTT-1,4
TCCCGATTCAAAGTAG-1,1
TCCCGATTCACAACGT-1,6
TCGAGGCAGACCTTTG-1,4
TCGAGGCAGTTACCCA-1,5
TCGAGGCCACATGACT-1,4
TCGAGGCCACTGCCAG-1,6
TCGAGGCCAGCGTCCA-1,4
TCGAGGCCATGATCCA-1,2
TCGAGGCGTTAGAACA-1,3
TCGAGGCGTTCGTGAT-1,4
TCGAGGCTCACCGTAA-1,4
TCGAGGCTCGGCGGTT-1,1
TCGAGGCTCTGCAGTA-1,4
TCGAGGCTCTTGTTTG-1,2
TCGCGAGAGCCACCTG-1,2
TCGCGAGAGTGAACAT-1,1
TCGCGAGCACATGGGA-1,3
TCGCGAGGTCGGATCC-1,2
TCGCGAGTCATATCGG-1,2
TCGCGAGTCGTTACGA-1,3
TCGCGAGTCTGGTGTA-1,1
TCGCGTTAGTGGTAAT-1,4
TCGCGTTAGTTACCCA-1,7
TCGCGTTCATAGAAAC-1,1
TCGCGTTCATTCCTGC-1,3
TCGCGTTGTTAAAGAC-1,2
TCGCGTTTCAGGTAAA-1,4
TCGCGTTTCATCGATG-1,1
TCGGGACAGATCCTGT-1,5
TCGGGACAGGCCGAAT-1,1
TCGGGACAGTGCTGCC-1,3
TCGGGACCAAGAAGAG-1,2
TCGGGACCAAGCGATG-1,6
TCGGGACCACTCGACG-1,2
TCGGGACTCGGATGTT-1,1
TCGGGACTCTCGATGA-1,1
TCGGTAAAGGGCATGT-1,1
TCGGTAACAGGACCCT-1,1
TCGGTAAGTCGCCATG-1,1
TCGGTAATCTGTCTAT-1,7
TCGTACCAGCCATCGC-1,3
TCGTACCAGCGATATA-1,4
TCGTACCCAAGTTGTC-1,5
TCGTACCCACTGTTAG-1,5
TCGTACCCAGTTCCCT-1,5
TCGTACCCATTGGTAC-1,3
TCGTACCTCCAGAAGG-1,2
TCGTACCTCTCCAACC-1,5
TCGTAGAAGACTGGGT-1,3
TCGTAGAAGCACCGTC-1,5
TCGTAGAAGTGTACCT-1,2
TCGTAGACACCGGAAA-1,1
TCGTAGAGTAAAGGAG-1,4
TCGTAGAGTAGCCTCG-1,1
TCGTAGAGTTGTGGCC-1,1
TCGTAGATCAAACCGT-1,3
TCTATTGAGGTGACCA-1,1
TCTATTGAGTCAAGCG-1,2
TCTATTGCACGCGAAA-1,1
TCTATTGGTGTGCGTC-1,1
TCTATTGTCTAACTCT-1,3
TCTATTGTCTGCGACG-1,1
TCTCATAAGCGAGAAA-1,2
TCTCATACAGATTGCT-1,1
TCTCATACATGCTGGC-1,1
TCTCATAGTAGGACAC-1,5
TCTCATAGTAGGGTAC-1,4
TCTCATATCGGAGCAA-1,4
TCTCATATCTCGAGTA-1,2
TCTCTAAAGAAGGTTT-1,3
TCTCTAAAGACAAGCC-1,2
TCTCTAAAGAGCCTAG-1,4
TCTCTAAAGGGATCTG-1,5
TCTCTAACAACACCCG-1,1
TCTCTAACAAGGTGTG-1,1
TCTCTAACACCATCCT-1,4
TCTCTAACATCCCACT-1,5
TCTCTAAGTAAGTTCC-1,6
TCTCTAAGTCCATGAT-1,3
TCTCTAAGTCCTCTTG-1,4
TCTCTAAGTTAAGGGC-1,3
TCTCTAATCCCATTTA-1,1
TCTCTAATCGTTTAGG-1,1
TCTCTAATCTGTACGA-1,1
TCTGAGAAGAGACTTA-1,5
TCTGAGAAGCTGCGAA-1,2
TCTGAGAAGGCATTGG-1,6
TCTGAGAAGTTCCACA-1,3
TCTGAGACAACTGCGC-1,2
TCTGAGACAAGCGTAG-1,1
TCTGAGACACGTGAGA-1,1
TCTGAGAGTCCCTTGT-1,1
TCTGAGATCAGCATGT-1,6
TCTGAGATCGGAATCT-1,2
TCTGAGATCTCGTATT-1,1
TCTGGAAAGTAGCCGA-1,2
TCTGGAATCGGTGTTA-1,3
TCTGGAATCTGTCTAT-1,6
TCTTCGGAGAATGTGT-1,3
TCTTCGGAGAGGTACC-1,1
TCTTCGGCACCAGATT-1,3
TCTTCGGCAGCTCCGA-1,2
TCTTCGGCATCACCCT-1,2
TCTTCGGCATGATCCA-1,6
TCTTCGGCATTCACTT-1,4
TCTTCGGGTCAACATC-1,5
TCTTCGGGTCACCTAA-1,1
TCTTCGGGTGTGGCTC-1,1
TCTTCGGTCCTTGACC-1,3
TCTTTCCAGCACACAG-1,1
TCTTTCCAGCCAGTTT-1,2
TCTTTCCAGCTCCCAG-1,7
TCTTTCCAGGCATGTG-1,3
TCTTTCCCAATAGAGT-1,1
TCTTTCCCACAGGAGT-1,2
TCTTTCCCATGGGAAC-1,1
TCTTTCCCATGGTCAT-1,4
TCTTTCCGTATATGGA-1,1
TCTTTCCGTGAGGGAG-1,4
TCTTTCCGTGTCAATC-1,2
TCTTTCCGTTTGGGCC-1,1
TCTTTCCTCTAAGCCA-1,2
TGAAAGAAGAAGGTGA-1,1
TGAAAGAAGACAATAC-1,1
TGAAAGACAAGTACCT-1,1
TGAAAGACAATGAATG-1,5
TGAAAGACACCGATAT-1,3
TGAAAGACAGTTTACG-1,1
TGAAAGATCCTCATTA-1,1
TGACAACAGTCAAGGC-1,1
TGACAACCAAGCCGCT-1,3
TGACAACGTCATGCCG-1,1
TGACAACGTCCAGTTA-1,3
TGACAACGTCCTGCTT-1,2
TGACAACGTTACGGAG-1,6
TGACAACGTTGACGTT-1,4
TGACAACTCACTCCTG-1,1
TGACAACTCATCATTC-1,1
TGACAACTCCGTAGTA-1,7
TGACAACTCTTCGGTC-1,1
TGACGGCAGATCTGCT-1,2
TGACGGCAGGATGCGT-1,2
TGACGGCAGGCTATCT-1,3
TGACGGCAGTTATCGC-1,3
TGACGGCGTCCGAGTC-1,3
TGACGGCGTCGAGTTT-1,2
TGACGGCGTTGATTGC-1,5
TGACGGCGTTTCCACC-1,6
TGACGGCTCCTGCTTG-1,3
TGACGGCTCGCTAGCG-1,2
TGACGGCTCTTTAGGG-1,5
TGACTAGAGCAGACTG-1,2
TGACTAGAGTACGATA-1,5
TGACTAGAGTCATGCT-1,2
TGACTAGAGTGGTCCC-1,1
TGACTAGCAATGACCT-1,1
TGACTAGCACATCCAA-1,2
TGACTAGGTCTCTTTA-1,6
TGACTTTAGACCTTTG-1,1
TGACTTTAGACTAGGC-1,2
TGACTTTAGGCTCATT-1,1
TGACTTTAGGTTACCT-1,4
TGACTTTCAGTGGAGT-1,6
TGACTTTGTCAGCTAT-1,4
TGACTTTTCACCACCT-1,6
TGACTTTTCCTTCAAT-1,5
TGAGAGGAGACCTAGG-1,5
TGAGAGGAGCGCTCCA-1,3
TGAGAGGCAGTCAGCC-1,1
TGAGAGGGTACCAGTT-1,2
TGAGAGGGTCGAGTTT-1,1
TGAGAGGTCAGCGACC-1,2
TGAGAGGTCCTTTCTC-1,1
TGAGAGGTCGTACGGC-1,1
TGAGAGGTCTTACCGC-1,4
TGAGCATAGAGACTAT-1,1
TGAGCATAGGCTCATT-1,1
TGAGCATCACCCATTC-1,6
TGAGCATCAGTAAGAT-1,1
TGAGCATCATACCATG-1,2
TGAGCATGTACTTCTT-1,6
TGAGCATGTAGCGCTC-1,1
TGAGCATGTCTGATTG-1,1
TGAGCATGTGTTTGTG-1,1
TGAGCATGTTGGTAAA-1,1
TGAGCATTCGCATGGC-1,4
TGAGCATTCGTCCGTT-1,4
TGAGCCGCAAGGACAC-1,3
TGAGCCGCAGACGCAA-1,5
TGAGCCGCAGTGGAGT-1,4
TGAGCCGGTAGAAGGA-1,3
TGAGCCGTCACTTATC-1,5
TGAGCCGTCAGCGACC-1,2
TGAGCCGTCTTTACAC-1,4
TGAGCCGTCTTTACGT-1,6
TGAGGGAAGAAGATTC-1,2
TGAGGGAAGCTATGCT-1,1
TGAGGGAAGGAATCGC-1,6
TGAGGGAAGGGCTCTC-1,1
TGAGGGACAAGGACAC-1,2
TGAGGGACACCGTTGG-1,1
TGAGGGACAGCTTCGG-1,5
TGAGGGACAGTCAGAG-1,5
TGAGGGAGTCGATTGT-1,3
TGAGGGAGTGGGTATG-1,2
TGAGGGAGTTAAGAAC-1,2
TGAGGGAGTTATCGGT-1,2
TGAGGGATCATGCTCC-1,3
TGAGGGATCCACGTGG-1,1
TGATTTCAGGCCCGTT-1,4
TGATTTCCACAAGTAA-1,5
TGATTTCCACCCATGG-1,2
TGATTTCCACTTCTGC-1,3
TGATTTCGTGCTGTAT-1,2
TGATTTCGTGTATGGG-1,1
TGATTTCGTTCGGCAC-1,4
TGATTTCTCCTTGCCA-1,2
TGATTTCTCTTCGGTC-1,3
TGCACCTAGCAATCTC-1,3
TGCACCTCAGACAAAT-1,3
TGCACCTCAGACGCAA-1,4
TGCACCTCATAGACTC-1,2
TGCACCTCATCGACGC-1,1
TGCACCTCATCGTCGG-1,6
TGCACCTGTGGTCCGT-1,1
TGCACCTTCAATACCG-1,3
TGCACCTTCTGTCTCG-1,5
TGCCAAAAGGGTTCCC-1,4
TGCCAAAGTACAGTGG-1,1
TGCCAAAGTAGGCATG-1,2
TGCCAAAGTGTAAGTA-1,2
TGCCAAATCCCTAATT-1,2
TGCCAAATCGTGGACC-1,2
TGCCCATCAGGACGTA-1,1
TGCCCATGTTATGCGT-1,3
TGCCCATGTTTGGGCC-1,5
TGCCCTAAGACACGAC-1,4
TGCCCTAAGCTAGTTC-1,1
TGCCCTAAGGCGTACA-1,2
TGCCCTAAGGGCACTA-1,3
TGCCCTACACAAGTAA-1,3
TGCCCTACACGAAATA-1,5
TGCCCTACACTGTGTA-1,1
TGCCCTACAGCAGTTT-1,3
TGCCCTACAGCATACT-1,2
TGCCCTACATACGCTA-1,3
TGCCCTACATATACGC-1,1
TGCCCTACATTGTGCA-1,2
TGCCCTAGTCCCTTGT-1,1
TGCCCTAGTCCGAACC-1,3
TGCCCTAGTTAAGAAC-1,6
TGCCCTAGTTCTCATT-1,7
TGCCCTATCTATCGCC-1,4
TGCGCAGAGCAAATCA-1,4
TGCGCAGAGGATATAC-1,6
TGCGCAGAGGGAAACA-1,4
TGCGCAGAGGGCTCTC-1,1
TGCGCAGCAGGCAGTA-1,2
TGCGCAGGTCACTGGC-1,3
TGCGCAGGTCTGCGGT-1,6
TGCGCAGTCCCTAACC-1,3
TGCGGGTAGTGTTAGA-1,1
TGCGGGTCAAGAAAGG-1,1
TGCGGGTCATCACGAT-1,2
TGCGGGTTCCAAACAC-1,2
TGCGGGTTCTGCTTGC-1,1
TGCGTGGAGGCCCTTG-1,2
TGCGTGGAGGTGATTA-1,4
TGCGTGGAGTACCGGA-1,4
TGCGTGGCAACTGGCC-1,2
TGCGTGGGTCCCTTGT-1,2
TGCGTGGTCGACCAGC-1,2
TGCTACCAGATGAGAG-1,3
TGCTACCAGCTTTGGT-1,4
TGCTACCAGGGATGGG-1,2
TGCTACCCACCCATTC-1,1
TGCTACCCAGGTGGAT-1,3
TGCTACCCATTGTGCA-1,1
TGCTACCTCAGCCTAA-1,4
TGCTGCTAGGTCGGAT-1,1
TGCTGCTCAAACCTAC-1,1
TGCTGCTCAAAGAATC-1,2
TGCTGCTCAAAGGTGC-1,1
TGCTGCTCACATCTTT-1,4
TGCTGCTGTGGTCCGT-1,3
TGCTGCTTCAGTACGT-1,2
TGCTGCTTCCGCATCT-1,1
TGCTGCTTCCGCGGTA-1,3
TGCTGCTTCCTTAATC-1,1
TGCTGCTTCTCATTCA-1,4
TGGACGCAGATCGATA-1,3
TGGACGCCAAGCTGGA-1,1
TGGACGCCAATGCCAT-1,4
TGGACGCGTCTCAACA-1,1
TGGACGCGTTCACCTC-1,3
TGGACGCTCCGCTGTT-1,1
TGGACGCTCGTAGGTT-1,3
TGGACGCTCTCCAACC-1,2
TGGCCAGAGCTAACAA-1,3
TGGCCAGCATTTGCTT-1,1
TGGCCAGGTCATCGGC-1,2
TGGCCAGGTTTCCACC-1,4
TGGCCAGTCAAAGTAG-1,3
TGGCCAGTCAAGGTAA-1,3
TGGCCAGTCATGTGGT-1,1
TGGCCAGTCGGACAAG-1,2
TGGCGCAGTCTGCGGT-1,6
TGGCGCATCACAGGCC-1,1
TGGCGCATCGCCCTTA-1,2
TGGCGCATCGTCGTTC-1,2
TGGCTGGAGACAAAGG-1,3
TGGCTGGCAATACGCT-1,1
TGGCTGGCACAAGTAA-1,1
TGGCTGGCAGAGTGTG-1,3
TGGGAAGAGATAGGAG-1,1
TGGGAAGAGCTAGTTC-1,2
TGGGAAGAGGCAAAGA-1,1
TGGGAAGCACACCGAC-1,2
TGGGAAGCACATGACT-1,2
TGGGAAGCATCCGTGG-1,4
TGGGAAGGTAAATACG-1,4
TGGGAAGGTACACCGC-1,3
TGGGAAGGTAGATTAG-1,3
TGGGAAGGTCACCTAA-1,7
TGGGAAGTCACGGTTA-1,3
TGGGAAGTCGTCTGAA-1,1
TGGGCGTAGAATTGTG-1,3
TGGGCGTCACTTCTGC-1,2
TGGGCGTCATGAACCT-1,3
TGGGCGTTCAGCTCGG-1,3
TGGTTAGAGCGGATCA-1,1
TGGTTAGAGGTGATAT-1,2
TGGTTAGAGTGACATA-1,1
TGGTTAGCACAGATTC-1,4
TGGTTAGCAGAAGCAC-1,1
TGGTTAGCAGACGTAG-1,1
TGGTTAGCAGGTGGAT-1,1
TGGTTAGGTCATCGGC-1,3
TGGTTAGGTGTGAAAT-1,1
TGGTTAGGTTTGGGCC-1,2
TGGTTAGTCCAAACAC-1,5
TGGTTAGTCCCTAATT-1,1
TGGTTCCGTAAACCTC-1,2
TGGTTCCGTATCACCA-1,2
TGGTTCCGTCGAGATG-1,2
TGGTTCCGTGCATCTA-1,1
TGGTTCCGTTGCCTCT-1,3
TGGTTCCTCGTAGGTT-1,6
TGTATTCAGAGGTTAT-1,2
TGTATTCAGGGCATGT-1,5
TGTATTCAGGTTACCT-1,1
TGTATTCCACGCCAGT-1,3
TGTATTCCAGGAATCG-1,2
TGTATTCGTCCTGCTT-1,5
TGTATTCGTTGCCTCT-1,2
TGTATTCTCAACACTG-1,3
TGTATTCTCACGAAGG-1,5
TGTATTCTCAGGCGAA-1,3
TGTATTCTCCGCGTTT-1,4
TGTCCCAAGAATCTCC-1,5
TGTCCCAAGCAAATCA-1,2
TGTCCCAAGGGTCGAT-1,3
TGTCCCACACCACGTG-1,4
TGTCCCACACGGCGTT-1,3
TGTCCCACATACGCCG-1,5
TGTCCCAGTGCTGTAT-1,1
TGTCCCAGTGTCGCTG-1,2
TGTCCCATCCACGTTC-1,6
TGTGGTAAGAAAGTGG-1,1
TGTGGTAAGGCCCTTG-1,4
TGTGGTACAATAGCAA-1,2
TGTGGTACAGTGGAGT-1,3
TGTGGTACATTGAGCT-1,1
TGTGGTATCGTGGTCG-1,3
TGTGTTTAGCACACAG-1,5
TGTGTTTAGCGTGAAC-1,1
TGTGTTTGTCAGAAGC-1,1
TGTGTTTGTCGAGATG-1,3
TGTGTTTGTCTAAACC-1,3
TGTGTTTGTCTGCGGT-1,3
TGTGTTTGTGCCTTGG-1,5
TGTGTTTTCATCACCC-1,3
TGTTCCGAGCAGACTG-1,1
TGTTCCGAGTGACTCT-1,3
TGTTCCGAGTTAAGTG-1,2
TGTTCCGCAAGCGTAG-1,1
TGTTCCGGTTAGGGTG-1,1
TGTTCCGTCTTAACCT-1,6
TTAACTCCATCGGACC-1,2
TTAACTCGTACAGTGG-1,3
TTAACTCGTACGCTGC-1,2
TTAACTCGTCAATACC-1,5
TTAACTCGTGGCTCCA-1,1
TTAACTCTCGTTGCCT-1,1
TTAACTCTCTCCAACC-1,6
TTAGGACAGAGGTTAT-1,3
TTAGGACAGGCCATAG-1,3
TTAGGACAGGGTCGAT-1,2
TTAGGACCAAGACGTG-1,5
TTAGGACCACTGCCAG-1,3
TTAGGACCATGGAATA-1,4
TTAGGACGTCCTGCTT-1,2
TTAGGACGTGGTAACG-1,2
TTAGGACTCCTTTACA-1,7
TTAGGACTCTGGCGAC-1,1
TTAGGCAAGATATACG-1,3
TTAGGCAAGTCGATAA-1,1
TTAGGCACACCAGGTC-1,2
TTAGGCACATTCCTCG-1,1
TTAGGCAGTCATCCCT-1,1
TTAGGCATCAGCGACC-1,4
TTAGGCATCGTGGACC-1,3
TTAGTTCAGACAGGCT-1,2
TTAGTTCAGAGGACGG-1,1
TTAGTTCAGAGGTAGA-1,2
TTAGTTCAGCGTTTAC-1,4
TTAGTTCAGGTGCACA-1,4
TTAGTTCAGTGCGTGA-1,2
TTAGTTCCACTGTGTA-1,3
TTAGTTCGTACGCACC-1,1
TTAGTTCTCAGTCAGT-1,1
TTAGTTCTCCAGAGGA-1,5
TTAGTTCTCCTTTCTC-1,1
TTAGTTCTCGTAGGAG-1,1
TTATGCTAGACCTAGG-1,3
TTATGCTAGAGACTAT-1,1
TTATGCTAGCTAAGAT-1,2
TTATGCTAGCTCCTCT-1,3
TTATGCTAGGTGCTTT-1,1
TTATGCTCATGTCTCC-1,3
TTATGCTGTCTTCGTC-1,2
TTATGCTTCGCGGATC-1,4
TTCCCAGAGGCTCAGA-1,5
TTCCCAGCAGGGTTAG-1,1
TTCCCAGGTAGCGTCC-1,7
TTCCCAGGTCGCGGTT-1,2
TTCCCAGGTTAAGTAG-1,1
TTCCCAGTCCAGAGGA-1,2
TTCGAAGAGAAACGAG-1,1
TTCGAAGAGTGCTGCC-1,1
TTCGAAGCAAGCGCTC-1,2
TTCGAAGCAGCCTATA-1,3
TTCGAAGCATGAACCT-1,6
TTCGAAGGTCGCGGTT-1,1
TTCGAAGTCATCGATG-1,4
TTCGAAGTCTTCATGT-1,2
TTCGGTCAGAAGGTGA-1,2
TTCGGTCAGAATCTCC-1,3
TTCGGTCAGCTGCGAA-1,2
TTCGGTCCAACTGCTA-1,3
TTCGGTCCACCTATCC-1,1
TTCGGTCCAGACTCGC-1,1
TTCGGTCCAGCTGTGC-1,2
TTCGGTCGTCTCTCTG-1,6
TTCGGTCGTGTTGGGA-1,3
TTCGGTCTCCCTTGCA-1,2
TTCGGTCTCTACGAGT-1,1
TTCTACAAGGACACCA-1,4
TTCTACAAGGACATTA-1,1
TTCTACAGTGCACTTA-1,5
TTCTACAGTTATCCGA-1,1
TTCTACAGTTGCCTCT-1,1
TTCTACATCATTTGGG-1,6
TTCTCAACAGTATGCT-1,1
TTCTCAAGTTGGAGGT-1,2
TTCTCAATCACTCTTA-1,1
TTCTCAATCAGGTTCA-1,1
TTCTCAATCCAAACAC-1,1
TTCTCAATCCTGCTTG-1,2
TTCTCAATCGAGAGCA-1,5
TTCTCAATCGTTGACA-1,2
TTCTCAATCTCAAACG-1,4
TTCTCAATCTGCTTGC-1,2
TTCTCCTAGAAACGAG-1,3
TTCTCCTAGGCGATAC-1,3
TTCTCCTAGTGCGATG-1,6
TTCTCCTCAAGAAGAG-1,2
TTCTCCTCAGAGTGTG-1,1
TTCTCCTCAGCATGAG-1,1
TTCTCCTCATACAGCT-1,4
TTCTCCTGTAGTACCT-1,4
TTCTCCTGTTGACGTT-1,1
TTCTCCTTCGACGGAA-1,1
TTCTTAGAGACAGACC-1,1
TTCTTAGAGATATACG-1,3
TTCTTAGAGCCCAATT-1,3
TTCTTAGAGGCACATG-1,3
TTCTTAGGTCAGCTAT-1,2
TTCTTAGGTGGCAAAC-1,4
TTCTTAGTCACATGCA-1,6
TTCTTAGTCCTATTCA-1,6
TTCTTAGTCCTTTCTC-1,4
TTCTTAGTCGTAGGTT-1,1
TTGAACGAGCTAGGCA-1,1
TTGAACGAGGCATTGG-1,2
TTGAACGAGGCTAGCA-1,1
TTGAACGAGTTAGGTA-1,2
TTGAACGAGTTGTCGT-1,6
TTGAACGCAGCCAATT-1,2
TTGAACGCATAGTAAG-1,5
TTGAACGGTACAAGTA-1,2
TTGAACGTCCTGCAGG-1,3
TTGACTTAGCAATCTC-1,4
TTGACTTCACAGTCGC-1,6
TTGACTTCATTATCTC-1,3
TTGACTTGTCAGCTAT-1,2
TTGCCGTAGCGTAGTG-1,4
TTGCCGTAGTGATCGG-1,1
TTGCCGTAGTGGTAGC-1,2
TTGCCGTCAAAGGTGC-1,1
TTGCCGTCAGCGAACA-1,4
TTGCCGTGTTCGAATC-1,1
TTGCCGTGTTGATTGC-1,3
TTGCCGTTCCCTCTTT-1,2
TTGCCGTTCTCGCATC-1,1
TTGCGTCGTCTTGTCC-1,2
TTGCGTCGTGATAAAC-1,2
TTGCGTCTCTTTAGGG-1,3
TTGGAACAGACTGTAA-1,1
TTGGAACAGGATATAC-1,3
TTGGAACGTCTCTCGT-1,1
TTGGAACTCCACGTGG-1,1
TTGGAACTCCCAAGTA-1,2
TTGGAACTCGGATGTT-1,2
TTGGCAAAGCGCTCCA-1,2
TTGGCAAAGGTGACCA-1,4
TTGGCAACAAAGAATC-1,3
TTGGCAACAAGCCGTC-1,2
TTGGCAAGTAAAGGAG-1,1
TTGGCAAGTAGAGCTG-1,4
TTGGCAAGTCAACTGT-1,7
TTGGCAATCATGTGGT-1,1
TTGGCAATCGAGGTAG-1,3
TTGGCAATCGGAAACG-1,1
TTGGCAATCTTTCCTC-1,3
TTGTAGGCACCAGATT-1,6
TTGTAGGTCAACTCTT-1,2
TTGTAGGTCACAGGCC-1,1
TTGTAGGTCCAAATGC-1,6
TTTACTGCATGCAATC-1,4
TTTACTGGTGACCAAG-1,2
TTTACTGGTGATGTCT-1,2
TTTACTGTCATCACCC-1,2
TTTACTGTCGCAGGCT-1,1
TTTATGCAGGGTGTGT-1,2
TTTATGCAGTCCCACG-1,2
TTTATGCCACCAGATT-1,5
TTTATGCCACTTAACG-1,7
TTTATGCCATGCATGT-1,3
TTTATGCTCCTAGGGC-1,3
TTTATGCTCTCGTATT-1,3
TTTCCTCAGATATGGT-1,1
TTTCCTCAGGAGTAGA-1,1
TTTCCTCAGGCCGAAT-1,4
TTTCCTCAGGGTCTCC-1,1
TTTCCTCAGTCCATAC-1,6
TTTCCTCAGTGAACAT-1,1
TTTCCTCCACCCATTC-1,5
TTTCCTCCAGCTCGAC-1,3
TTTCCTCCAGTGACAG-1,2
TTTCCTCCATCACAAC-1,1
TTTCCTCCATCAGTCA-1,2
TTTCCTCCATGTAAGA-1,3
TTTCCTCGTAGAAAGG-1,4
TTTCCTCGTAGGACAC-1,6
TTTCCTCGTAGTGAAT-1,4
TTTCCTCGTCACACGC-1,4
TTTCCTCGTGAGGGTT-1,2
TTTCCTCGTGTTGAGG-1,3
TTTGCGCAGAAGATTC-1,3
TTTGCGCAGACAATAC-1,3
TTTGCGCAGCGTAATA-1,2
TTTGCGCCACTCTGTC-1,1
TTTGCGCGTAACGTTC-1,1
TTTGCGCGTAGCGTAG-1,1
TTTGCGCGTAGCTCCG-1,1
TTTGCGCGTATCACCA-1,6
TTTGCGCGTCAAACTC-1,5
TTTGCGCGTCACTGGC-1,3
TTTGCGCTCCAGGGCT-1,1
TTTGGTTAGACGCACA-1,3
TTTGGTTAGAGATGAG-1,4
TTTGGTTAGTAGATGT-1,1
TTTGGTTAGTTCGATC-1,6
TTTGGTTCACTGTCGG-1,2
TTTGGTTCATCTCGCT-1,3
TTTGGTTCATGCAATC-1,2
TTTGGTTCATTCGACA-1,1
TTTGGTTGTCACCCAG-1,3
TTTGGTTGTTATGCGT-1,2
TTTGGTTTCAGAGGTG-1,3
TTTGGTTTCGAGCCCA-1,4
TTTGGTTTCTGCTGTC-1,3
TTTGTCAGTCACTTCC-1,3
TTTGTCAGTTCAGTAC-1,6
TTTGTCATCTAACCGA-1,1
TTTGTCATCTTCGGTC-1,1
